inscrição;classsituacao;classposicao;classnota;classcg;classce;classtit;classpp
008031;APROVADO;1;40;16;24;-;-
005029;APROVADO;2;38;16;22;-;-
008046;APROVADO;3;37;17;20;-;-
004683;APROVADO;4;36;14;22;-;-
004863;APROVADO;5;36;14;22;-;-
007220;APROVADO;6;36;14;22;-;-
005651;APROVADO;7;36;16;20;-;-
007818;APROVADO;8;36;16;20;-;-
004436;APROVADO;9;35;13;22;-;-
004951;APROVADO;10;35;13;22;-;-
005526;APROVADO;11;35;13;22;-;-
004320;APROVADO;12;35;15;20;-;-
005387;APROVADO;13;35;17;18;-;-
003862;APROVADO;14;34;12;22;-;-
005080;APROVADO;15;34;12;22;-;-
004775;APROVADO;16;34;14;20;-;-
006086;APROVADO;17;33;11;22;-;-
007293;APROVADO;18;33;13;20;-;-
004267;APROVADO;19;33;13;20;-;-
003814;APROVADO;20;33;15;18;-;-
004038;APROVADO;21;33;15;18;-;-
005654;APROVADO;22;31;13;18;-;-
006451;APROVADO;23;31;13;18;-;-
005649;APROVADO;24;30;10;20;-;-
003871;APROVADO;25;30;12;18;-;-
005453;APROVADO;26;30;12;18;-;-
004942;APROVADO;27;30;12;18;-;-
005548;APROVADO;28;30;12;18;-;-
005246;APROVADO;29;30;14;16;-;-
004906;APROVADO;30;30;14;16;-;-
007798;APROVADO;31;30;14;16;-;-
006085;APROVADO;32;30;14;16;-;-
004420;APROVADO;33;29;11;18;-;-
006489;APROVADO;34;29;11;18;-;-
005192;APROVADO;35;29;13;16;-;-
005603;APROVADO;36;29;13;16;-;-
005401;APROVADO;37;29;13;16;-;-
006313;APROVADO;38;28;8;20;-;-
004331;APROVADO;39;28;12;16;-;-
004381;APROVADO;40;28;12;16;-;-
004347;APROVADO;41;28;14;14;-;-
006633;APROVADO;42;28;14;14;-;-
006469;APROVADO;43;27;9;18;-;-
005739;APROVADO;44;26;8;18;-;-
006229;APROVADO;45;26;10;16;-;-
007987;APROVADO;46;26;10;16;-;-
007079;APROVADO;47;26;12;14;-;-
006642;APROVADO;48;26;14;12;-;-
004244;APROVADO;49;25;7;18;-;-
005609;APROVADO;50;25;7;18;-;-
004193;APROVADO;51;25;9;16;-;-
007262;APROVADO;52;25;11;14;-;-
006630;APROVADO;53;25;13;12;-;-
004177;APROVADO;54;24;8;16;-;-
004795;APROVADO;55;24;10;14;-;-
005846;APROVADO;56;24;10;14;-;-
005353;APROVADO;57;24;10;14;-;-
007350;APROVADO;58;24;10;14;-;-
005189;APROVADO;59;23;9;14;-;-
005090;APROVADO;60;23;11;12;-;-
007081;APROVADO;61;23;11;12;-;-
004784;APROVADO;62;23;11;12;-;-
007400;APROVADO;63;22;12;10;-;-
004564;APROVADO;64;22;12;10;-;-
005261;REPROVADO;-;20;10;10;-;-
006845;REPROVADO;-;19;5;14;-;-
005731;REPROVADO;-;19;9;10;-;-
007106;REPROVADO;-;18;10;8;-;-
004296;REPROVADO;-;17;7;10;-;-
006811;REPROVADO;-;15;9;6;-;-
006870;AUSENTE;-;-;-;-;-;-
007228;AUSENTE;-;-;-;-;-;-
007146;AUSENTE;-;-;-;-;-;-
008098;AUSENTE;-;-;-;-;-;-
004811;AUSENTE;-;-;-;-;-;-
007661;AUSENTE;-;-;-;-;-;-
005165;AUSENTE;-;-;-;-;-;-
005576;AUSENTE;-;-;-;-;-;-
006437;AUSENTE;-;-;-;-;-;-
005017;AUSENTE;-;-;-;-;-;-
004418;AUSENTE;-;-;-;-;-;-
006289;AUSENTE;-;-;-;-;-;-
006535;AUSENTE;-;-;-;-;-;-
006594;AUSENTE;-;-;-;-;-;-
004647;AUSENTE;-;-;-;-;-;-
004190;AUSENTE;-;-;-;-;-;-
004610;AUSENTE;-;-;-;-;-;-
005932;AUSENTE;-;-;-;-;-;-
007764;APROVADO;1;35;19;16;-;-
006258;APROVADO;2;35;19;16;-;-
006164;APROVADO;3;35;19;16;-;-
003945;APROVADO;4;35;19;16;-;-
007191;APROVADO;5;34;18;16;-;-
006430;APROVADO;6;34;18;16;-;-
006623;APROVADO;7;34;18;16;-;-
004398;APROVADO;8;34;18;16;-;-
008082;APROVADO;9;34;20;14;-;-
007268;APROVADO;10;34;20;14;-;-
007271;APROVADO;11;33;15;18;-;-
004877;APROVADO;12;33;17;16;-;-
005232;APROVADO;13;33;17;16;-;-
004651;APROVADO;14;33;19;14;-;-
007241;APROVADO;15;33;19;14;-;-
003916;APROVADO;16;33;19;14;-;-
004061;APROVADO;17;33;19;14;-;-
005266;APROVADO;18;32;16;16;-;-
004165;APROVADO;19;32;18;14;-;-
004600;APROVADO;20;32;18;14;-;-
007048;APROVADO;21;32;18;14;-;-
004309;APROVADO;22;32;18;14;-;-
007948;APROVADO;23;32;18;14;-;-
004947;APROVADO;24;32;18;14;-;-
006250;APROVADO;25;32;18;14;-;-
005896;APROVADO;26;32;18;14;-;-
005886;APROVADO;27;32;18;14;-;-
007749;APROVADO;28;32;18;14;-;-
006470;APROVADO;29;32;18;14;-;-
007878;APROVADO;30;32;18;14;-;-
003870;APROVADO;31;32;18;14;-;-
006761;APROVADO;32;32;18;14;-;-
007865;APROVADO;33;32;18;14;-;-
007961;APROVADO;34;32;20;12;-;-
007532;APROVADO;35;32;20;12;-;-
006947;APROVADO;36;32;20;12;-;-
008123;APROVADO;37;32;20;12;-;-
007391;APROVADO;38;32;20;12;-;-
006781;APROVADO;39;31;15;16;-;-
005897;APROVADO;40;31;15;16;-;-
004356;APROVADO;41;31;17;14;-;-
003898;APROVADO;42;31;17;14;-;-
004905;APROVADO;43;31;17;14;-;-
005292;APROVADO;44;31;17;14;-;-
004914;APROVADO;45;31;17;14;-;-
006182;APROVADO;46;31;17;14;-;-
007984;APROVADO;47;31;17;14;-;-
005804;APROVADO;48;31;17;14;-;-
004504;APROVADO;49;31;17;14;-;-
006738;APROVADO;50;31;17;14;-;-
005602;APROVADO;51;31;17;14;-;-
003913;APROVADO;52;31;17;14;-;-
004204;APROVADO;53;31;19;12;-;-
006403;APROVADO;54;31;19;12;-;-
004582;APROVADO;55;31;19;12;-;-
007021;APROVADO;56;31;19;12;-;-
004548;APROVADO;57;31;19;12;-;-
006672;APROVADO;58;31;19;12;-;-
007594;APROVADO;59;30;14;16;-;-
006550;APROVADO;60;30;16;14;-;-
005608;APROVADO;61;30;16;14;-;-
007348;APROVADO;62;30;16;14;-;-
007851;APROVADO;63;30;16;14;-;-
006024;APROVADO;64;30;16;14;-;-
006220;APROVADO;65;30;16;14;-;-
007531;APROVADO;66;30;16;14;-;-
004153;APROVADO;67;30;16;14;-;-
003886;APROVADO;68;30;16;14;-;-
007650;APROVADO;69;30;16;14;-;-
005729;APROVADO;70;30;18;12;-;-
005692;APROVADO;71;30;18;12;-;-
005806;APROVADO;72;30;18;12;-;-
007836;APROVADO;73;30;18;12;-;-
006833;APROVADO;74;30;18;12;-;-
006151;APROVADO;75;30;18;12;-;-
004207;APROVADO;76;30;18;12;-;-
003970;APROVADO;77;30;18;12;-;-
005624;APROVADO;78;30;18;12;-;-
006429;APROVADO;79;30;18;12;-;-
007600;APROVADO;80;30;18;12;-;-
007501;APROVADO;81;30;18;12;-;-
004532;APROVADO;82;30;18;12;-;-
007885;APROVADO;83;30;18;12;-;-
006972;APROVADO;84;30;18;12;-;-
007588;APROVADO;85;30;18;12;-;-
007151;APROVADO;86;30;18;12;-;-
004998;APROVADO;87;30;20;10;-;-
006836;APROVADO;88;30;20;10;-;-
005258;APROVADO;89;30;20;10;-;-
005613;APROVADO;90;30;20;10;-;-
007750;APROVADO;91;30;20;10;-;-
008115;APROVADO;92;30;20;10;-;-
007706;APROVADO;93;29;13;16;-;-
007946;APROVADO;94;29;15;14;-;-
004015;APROVADO;95;29;15;14;-;-
004045;APROVADO;96;29;15;14;-;-
007424;APROVADO;97;29;17;12;-;-
004464;APROVADO;98;29;17;12;-;-
003832;APROVADO;99;29;17;12;-;-
006472;APROVADO;100;29;17;12;-;-
006929;APROVADO;101;29;17;12;-;-
006715;APROVADO;102;29;17;12;-;-
006721;APROVADO;103;29;17;12;-;-
007158;APROVADO;104;29;17;12;-;-
006980;APROVADO;105;29;17;12;-;-
005627;APROVADO;106;29;17;12;-;-
006826;APROVADO;107;29;17;12;-;-
008040;APROVADO;108;29;17;12;-;-
007003;APROVADO;109;29;17;12;-;-
004824;APROVADO;110;29;17;12;-;-
006512;APROVADO;111;29;17;12;-;-
007070;APROVADO;112;29;17;12;-;-
007275;APROVADO;113;29;17;12;-;-
007997;APROVADO;114;29;17;12;-;-
004890;APROVADO;115;29;19;10;-;-
005228;APROVADO;116;29;19;10;-;-
007456;APROVADO;117;29;19;10;-;-
007451;APROVADO;118;29;19;10;-;-
006793;APROVADO;119;29;19;10;-;-
004984;APROVADO;120;29;19;10;-;-
005964;APROVADO;121;29;19;10;-;-
005446;APROVADO;122;28;14;14;-;-
005743;APROVADO;123;28;14;14;-;-
004367;APROVADO;124;28;14;14;-;-
007620;APROVADO;125;28;14;14;-;-
006987;APROVADO;126;28;14;14;-;-
007849;APROVADO;127;28;14;14;-;-
005661;APROVADO;128;28;16;12;-;-
006522;APROVADO;129;28;16;12;-;-
005219;APROVADO;130;28;16;12;-;-
005425;APROVADO;131;28;16;12;-;-
006259;APROVADO;132;28;16;12;-;-
007730;APROVADO;133;28;16;12;-;-
007111;APROVADO;134;28;16;12;-;-
006415;APROVADO;135;28;16;12;-;-
006734;APROVADO;136;28;16;12;-;-
007492;APROVADO;137;28;16;12;-;-
007613;APROVADO;138;28;16;12;-;-
007279;APROVADO;139;28;16;12;-;-
003956;APROVADO;140;28;16;12;-;-
004433;APROVADO;141;28;18;10;-;-
007740;APROVADO;142;28;18;10;-;-
006746;APROVADO;143;28;18;10;-;-
004196;APROVADO;144;28;18;10;-;-
006691;APROVADO;145;28;18;10;-;-
004559;APROVADO;146;28;18;10;-;-
006991;APROVADO;147;28;18;10;-;-
005662;APROVADO;148;28;18;10;-;-
004208;APROVADO;149;28;18;10;-;-
005385;APROVADO;150;28;18;10;-;-
004307;APROVADO;151;28;18;10;-;-
007443;APROVADO;152;28;18;10;-;-
005680;APROVADO;153;28;18;10;-;-
005256;APROVADO;154;28;18;10;-;-
005909;APROVADO;155;28;20;8;-;-
007980;APROVADO;156;27;13;14;-;-
006686;APROVADO;157;27;13;14;-;-
006485;APROVADO;158;27;13;14;-;-
007305;APROVADO;159;27;13;14;-;-
004618;APROVADO;160;27;15;12;-;-
006880;APROVADO;161;27;15;12;-;-
006237;APROVADO;162;27;15;12;-;-
006203;APROVADO;163;27;15;12;-;-
004862;APROVADO;164;27;15;12;-;-
006167;APROVADO;165;27;15;12;-;-
005949;APROVADO;166;27;15;12;-;-
007758;APROVADO;167;27;15;12;-;-
007054;APROVADO;168;27;15;12;-;-
006494;APROVADO;169;27;17;10;-;-
007154;APROVADO;170;27;17;10;-;-
007379;APROVADO;171;27;17;10;-;-
006569;APROVADO;172;27;17;10;-;-
007628;APROVADO;173;27;17;10;-;-
006315;APROVADO;174;27;17;10;-;-
007058;APROVADO;175;27;17;10;-;-
004667;APROVADO;176;27;17;10;-;-
007369;APROVADO;177;27;17;10;-;-
004648;APROVADO;178;27;17;10;-;-
007973;APROVADO;179;27;17;10;-;-
007255;APROVADO;180;27;17;10;-;-
007830;APROVADO;181;27;17;10;-;-
006906;APROVADO;182;27;17;10;-;-
006079;APROVADO;183;27;17;10;-;-
005493;APROVADO;184;27;17;10;-;-
005574;APROVADO;185;27;17;10;-;-
007237;APROVADO;186;27;17;10;-;-
005956;APROVADO;187;27;17;10;-;-
004820;APROVADO;188;27;17;10;-;-
003841;APROVADO;189;27;17;10;-;-
006239;APROVADO;190;27;17;10;-;-
006044;APROVADO;191;27;17;10;-;-
007627;APROVADO;192;27;19;8;-;-
004899;APROVADO;193;27;19;8;-;-
006975;APROVADO;194;27;19;8;-;-
006181;APROVADO;195;27;19;8;-;-
004053;APROVADO;196;27;19;8;-;-
005343;APROVADO;197;26;12;14;-;-
003982;APROVADO;198;26;12;14;-;-
004144;APROVADO;199;26;12;14;-;-
006281;APROVADO;200;26;14;12;-;-
005376;APROVADO;201;26;14;12;-;-
007576;APROVADO;202;26;14;12;-;-
007734;APROVADO;203;26;14;12;-;-
006548;APROVADO;204;26;14;12;-;-
005844;APROVADO;205;26;14;12;-;-
005462;APROVADO;206;26;14;12;-;-
006142;APROVADO;207;26;14;12;-;-
005631;APROVADO;208;26;14;12;-;-
004885;APROVADO;209;26;14;12;-;-
007562;APROVADO;210;26;14;12;-;-
007788;APROVADO;211;26;14;12;-;-
007507;APROVADO;212;26;14;12;-;-
007315;APROVADO;213;26;16;10;-;-
007577;APROVADO;214;26;16;10;-;-
007906;APROVADO;215;26;16;10;-;-
007100;APROVADO;216;26;16;10;-;-
007548;APROVADO;217;26;16;10;-;-
006862;APROVADO;218;26;16;10;-;-
007947;APROVADO;219;26;16;10;-;-
007059;APROVADO;220;26;16;10;-;-
007200;APROVADO;221;26;16;10;-;-
004459;APROVADO;222;26;16;10;-;-
004439;APROVADO;223;26;16;10;-;-
005225;APROVADO;224;26;16;10;-;-
006204;APROVADO;225;26;16;10;-;-
004119;APROVADO;226;26;16;10;-;-
007264;APROVADO;227;26;16;10;-;-
007326;APROVADO;228;26;16;10;-;-
004931;APROVADO;229;26;16;10;-;-
005585;APROVADO;230;26;16;10;-;-
004883;APROVADO;231;26;16;10;-;-
006878;APROVADO;232;26;18;8;-;-
003997;APROVADO;233;26;18;8;-;-
005011;APROVADO;234;26;18;8;-;-
005514;APROVADO;235;26;18;8;-;-
005614;APROVADO;236;26;18;8;-;-
005170;APROVADO;237;26;18;8;-;-
008042;APROVADO;238;26;18;8;-;-
003987;APROVADO;239;26;18;8;-;-
007195;APROVADO;240;26;18;8;-;-
007020;APROVADO;241;26;18;8;-;-
007015;APROVADO;242;26;18;8;-;-
007288;APROVADO;243;26;18;8;-;-
003820;APROVADO;244;26;18;8;-;-
006537;APROVADO;245;26;18;8;-;-
004022;APROVADO;246;26;20;6;-;-
005044;APROVADO;247;25;13;12;-;-
005620;APROVADO;248;25;13;12;-;-
005169;APROVADO;249;25;13;12;-;-
007346;APROVADO;250;25;13;12;-;-
006140;APROVADO;251;25;13;12;-;-
007411;APROVADO;252;25;15;10;-;-
007095;APROVADO;253;25;15;10;-;-
004392;APROVADO;254;25;15;10;-;-
005816;APROVADO;255;25;15;10;-;-
003918;APROVADO;256;25;15;10;-;-
006944;APROVADO;257;25;15;10;-;-
007991;APROVADO;258;25;15;10;-;-
008126;APROVADO;259;25;15;10;-;-
007599;APROVADO;260;25;15;10;-;-
005674;APROVADO;261;25;15;10;-;-
004042;APROVADO;262;25;15;10;-;-
007718;APROVADO;263;25;15;10;-;-
004268;APROVADO;264;25;15;10;-;-
006854;APROVADO;265;25;15;10;-;-
007316;APROVADO;266;25;15;10;-;-
007004;APROVADO;267;25;17;8;-;-
006792;APROVADO;268;25;17;8;-;-
005560;APROVADO;269;25;17;8;-;-
006428;APROVADO;270;25;17;8;-;-
006922;APROVADO;271;25;17;8;-;-
006559;APROVADO;272;25;17;8;-;-
004404;APROVADO;273;25;17;8;-;-
007770;APROVADO;274;25;17;8;-;-
006971;APROVADO;275;25;17;8;-;-
008065;APROVADO;276;25;17;8;-;-
007666;APROVADO;277;25;17;8;-;-
006532;APROVADO;278;25;17;8;-;-
004434;APROVADO;279;25;17;8;-;-
003857;APROVADO;280;25;17;8;-;-
004904;APROVADO;281;25;17;8;-;-
005659;APROVADO;282;25;17;8;-;-
008061;APROVADO;283;25;17;8;-;-
007803;APROVADO;284;25;17;8;-;-
003828;APROVADO;285;25;17;8;-;-
007846;APROVADO;286;25;17;8;-;-
007130;APROVADO;287;25;17;8;-;-
006298;APROVADO;288;25;17;8;-;-
008053;APROVADO;289;25;17;8;-;-
006526;APROVADO;290;25;17;8;-;-
007813;APROVADO;291;25;19;6;-;-
007606;APROVADO;292;25;19;6;-;-
005970;APROVADO;293;25;19;6;-;-
007244;APROVADO;294;25;19;6;-;-
006318;APROVADO;295;24;12;12;-;-
006945;APROVADO;296;24;12;12;-;-
004659;APROVADO;297;24;12;12;-;-
007459;APROVADO;298;24;12;12;-;-
007983;APROVADO;299;24;14;10;-;-
006159;APROVADO;300;24;14;10;-;-
006421;APROVADO;301;24;14;10;-;-
006614;APROVADO;302;24;14;10;-;-
006495;APROVADO;303;24;14;10;-;-
007509;APROVADO;304;24;14;10;-;-
005465;APROVADO;305;24;14;10;-;-
005792;APROVADO;306;24;14;10;-;-
005174;APROVADO;307;24;14;10;-;-
004544;APROVADO;308;24;14;10;-;-
005551;APROVADO;309;24;14;10;-;-
007357;APROVADO;310;24;14;10;-;-
004579;APROVADO;311;24;14;10;-;-
004939;APROVADO;312;24;14;10;-;-
004463;APROVADO;313;24;14;10;-;-
007358;APROVADO;314;24;14;10;-;-
007110;APROVADO;315;24;14;10;-;-
007768;APROVADO;316;24;14;10;-;-
004556;APROVADO;317;24;14;10;-;-
006651;APROVADO;318;24;14;10;-;-
007733;APROVADO;319;24;16;8;-;-
006545;APROVADO;320;24;16;8;-;-
007487;APROVADO;321;24;16;8;-;-
007686;APROVADO;322;24;16;8;-;-
007138;APROVADO;323;24;16;8;-;-
006218;APROVADO;324;24;16;8;-;-
005786;APROVADO;325;24;16;8;-;-
004336;APROVADO;326;24;16;8;-;-
004854;APROVADO;327;24;16;8;-;-
006345;APROVADO;328;24;16;8;-;-
005621;APROVADO;329;24;16;8;-;-
005082;APROVADO;330;24;16;8;-;-
006300;APROVADO;331;24;18;6;-;-
003874;APROVADO;332;24;18;6;-;-
007468;APROVADO;333;24;18;6;-;-
006825;APROVADO;334;24;18;6;-;-
006416;APROVADO;335;24;18;6;-;-
007761;APROVADO;336;24;18;6;-;-
007384;APROVADO;337;24;18;6;-;-
008043;APROVADO;338;24;18;6;-;-
008062;APROVADO;339;24;18;6;-;-
006893;APROVADO;340;23;11;12;-;-
006912;APROVADO;341;23;11;12;-;-
004696;APROVADO;342;23;11;12;-;-
007640;APROVADO;343;23;11;12;-;-
007338;APROVADO;344;23;13;10;-;-
005830;APROVADO;345;23;13;10;-;-
003837;APROVADO;346;23;13;10;-;-
004154;APROVADO;347;23;13;10;-;-
004230;APROVADO;348;23;13;10;-;-
007694;APROVADO;349;23;13;10;-;-
007722;APROVADO;350;23;13;10;-;-
003897;APROVADO;351;23;13;10;-;-
006223;APROVADO;352;23;13;10;-;-
004282;APROVADO;353;23;13;10;-;-
007324;APROVADO;354;23;13;10;-;-
004358;APROVADO;355;23;13;10;-;-
007341;APROVADO;356;23;13;10;-;-
003893;APROVADO;357;23;13;10;-;-
006011;APROVADO;358;23;13;10;-;-
007069;APROVADO;359;23;15;8;-;-
007150;APROVADO;360;23;15;8;-;-
007318;APROVADO;361;23;15;8;-;-
004427;APROVADO;362;23;15;8;-;-
004152;APROVADO;363;23;15;8;-;-
006638;APROVADO;364;23;15;8;-;-
007512;APROVADO;365;23;15;8;-;-
004271;APROVADO;366;23;17;6;-;-
004740;APROVADO;367;23;17;6;-;-
006808;APROVADO;368;23;17;6;-;-
005666;APROVADO;369;23;17;6;-;-
007152;APROVADO;370;23;17;6;-;-
006399;APROVADO;371;23;17;6;-;-
007469;APROVADO;372;23;17;6;-;-
004231;APROVADO;373;23;17;6;-;-
004361;APROVADO;374;23;17;6;-;-
005629;APROVADO;375;23;17;6;-;-
006474;APROVADO;376;23;17;6;-;-
006439;APROVADO;377;23;17;6;-;-
007421;APROVADO;378;23;17;6;-;-
006347;APROVADO;379;23;17;6;-;-
005927;APROVADO;380;23;19;4;-;-
007695;APROVADO;381;22;10;12;-;-
005757;APROVADO;382;22;12;10;-;-
007814;APROVADO;383;22;12;10;-;-
004749;APROVADO;384;22;12;10;-;-
006801;APROVADO;385;22;12;10;-;-
005286;APROVADO;386;22;12;10;-;-
004920;APROVADO;387;22;12;10;-;-
004818;APROVADO;388;22;12;10;-;-
006821;APROVADO;389;22;12;10;-;-
003984;APROVADO;390;22;12;10;-;-
004345;APROVADO;391;22;14;8;-;-
007963;APROVADO;392;22;14;8;-;-
005922;APROVADO;393;22;14;8;-;-
006084;APROVADO;394;22;14;8;-;-
005133;APROVADO;395;22;14;8;-;-
005824;APROVADO;396;22;14;8;-;-
004128;APROVADO;397;22;14;8;-;-
004163;APROVADO;398;22;14;8;-;-
007294;APROVADO;399;22;14;8;-;-
005849;APROVADO;400;22;14;8;-;-
004466;APROVADO;401;22;14;8;-;-
007304;APROVADO;402;22;14;8;-;-
005289;APROVADO;403;22;14;8;-;-
003842;APROVADO;404;22;16;6;-;-
005337;APROVADO;405;22;16;6;-;-
006539;APROVADO;406;22;16;6;-;-
007890;APROVADO;407;22;16;6;-;-
006719;APROVADO;408;22;16;6;-;-
005962;APROVADO;409;22;18;4;-;-
003989;APROVADO;410;21;9;12;-;-
004275;APROVADO;411;21;9;12;-;-
003896;APROVADO;412;21;11;10;-;-
004488;APROVADO;413;21;11;10;-;-
007745;APROVADO;414;21;11;10;-;-
006957;APROVADO;415;21;11;10;-;-
007249;APROVADO;416;21;11;10;-;-
004334;APROVADO;417;21;13;8;-;-
006460;APROVADO;418;21;13;8;-;-
005109;APROVADO;419;21;13;8;-;-
007612;APROVADO;420;21;13;8;-;-
005152;APROVADO;421;21;13;8;-;-
006687;APROVADO;422;21;13;8;-;-
006413;APROVADO;423;21;13;8;-;-
007404;APROVADO;424;21;15;6;-;-
005384;APROVADO;425;21;15;6;-;-
006120;APROVADO;426;21;15;6;-;-
007765;APROVADO;427;21;15;6;-;-
007205;APROVADO;428;21;15;6;-;-
004141;APROVADO;429;21;15;6;-;-
003979;APROVADO;430;21;15;6;-;-
006618;APROVADO;431;21;15;6;-;-
003852;APROVADO;432;21;15;6;-;-
007387;APROVADO;433;21;15;6;-;-
006841;APROVADO;434;21;15;6;-;-
007985;APROVADO;435;21;17;4;-;-
006549;APROVADO;436;21;17;4;-;-
006872;APROVADO;437;21;17;4;-;-
006324;APROVADO;438;21;17;4;-;-
007800;APROVADO;439;21;17;4;-;-
006449;APROVADO;440;21;17;4;-;-
005772;APROVADO;441;20;10;10;-;-
006800;APROVADO;442;20;12;8;-;-
004123;APROVADO;443;20;12;8;-;-
004840;APROVADO;444;20;12;8;-;-
007911;APROVADO;445;20;12;8;-;-
007431;APROVADO;446;20;12;8;-;-
008039;APROVADO;447;20;12;8;-;-
005014;APROVADO;448;20;12;8;-;-
005952;APROVADO;449;20;14;6;-;-
004247;APROVADO;450;20;14;6;-;-
008130;APROVADO;451;20;14;6;-;-
003992;APROVADO;452;20;14;6;-;-
007040;APROVADO;453;20;14;6;-;-
004495;APROVADO;454;20;14;6;-;-
007624;APROVADO;455;20;14;6;-;-
007679;APROVADO;456;20;14;6;-;-
007635;APROVADO;457;20;16;4;-;-
006184;APROVADO;458;20;16;4;-;-
007658;APROVADO;459;20;16;4;-;-
004944;APROVADO;460;20;16;4;-;-
004357;APROVADO;461;20;16;4;-;-
006767;APROVADO;462;20;18;2;-;-
004611;REPROVADO;-;19;9;10;-;-
006783;REPROVADO;-;19;11;8;-;-
006102;REPROVADO;-;19;11;8;-;-
004389;REPROVADO;-;19;13;6;-;-
006751;REPROVADO;-;19;13;6;-;-
003907;REPROVADO;-;19;13;6;-;-
007782;REPROVADO;-;19;13;6;-;-
003901;REPROVADO;-;19;13;6;-;-
005850;REPROVADO;-;19;15;4;-;-
007084;REPROVADO;-;19;15;4;-;-
007581;REPROVADO;-;19;15;4;-;-
006885;REPROVADO;-;19;15;4;-;-
006918;REPROVADO;-;19;15;4;-;-
006133;REPROVADO;-;19;15;4;-;-
007414;REPROVADO;-;19;15;4;-;-
007467;REPROVADO;-;18;10;8;-;-
006626;REPROVADO;-;18;10;8;-;-
007343;REPROVADO;-;18;10;8;-;-
007942;REPROVADO;-;18;10;8;-;-
007717;REPROVADO;-;18;10;8;-;-
006226;REPROVADO;-;18;12;6;-;-
006200;REPROVADO;-;18;12;6;-;-
004032;REPROVADO;-;18;12;6;-;-
007052;REPROVADO;-;18;12;6;-;-
005041;REPROVADO;-;18;12;6;-;-
007660;REPROVADO;-;18;12;6;-;-
006785;REPROVADO;-;18;12;6;-;-
007142;REPROVADO;-;18;14;4;-;-
006214;REPROVADO;-;18;14;4;-;-
006303;REPROVADO;-;18;14;4;-;-
007114;REPROVADO;-;18;14;4;-;-
008101;REPROVADO;-;18;14;4;-;-
005866;REPROVADO;-;18;14;4;-;-
005534;REPROVADO;-;18;16;2;-;-
005762;REPROVADO;-;17;9;8;-;-
007435;REPROVADO;-;17;11;6;-;-
005918;REPROVADO;-;17;11;6;-;-
005716;REPROVADO;-;17;11;6;-;-
004537;REPROVADO;-;17;11;6;-;-
007954;REPROVADO;-;17;11;6;-;-
007022;REPROVADO;-;17;13;4;-;-
007407;REPROVADO;-;17;13;4;-;-
006859;REPROVADO;-;17;13;4;-;-
006659;REPROVADO;-;17;13;4;-;-
004406;REPROVADO;-;17;13;4;-;-
007225;REPROVADO;-;17;15;2;-;-
007972;REPROVADO;-;16;10;6;-;-
005244;REPROVADO;-;16;10;6;-;-
007704;REPROVADO;-;16;10;6;-;-
006110;REPROVADO;-;16;10;6;-;-
004355;REPROVADO;-;16;12;4;-;-
006137;REPROVADO;-;16;12;4;-;-
004066;REPROVADO;-;16;12;4;-;-
005834;REPROVADO;-;16;14;2;-;-
006433;REPROVADO;-;16;14;2;-;-
006514;REPROVADO;-;15;9;6;-;-
006667;REPROVADO;-;15;9;6;-;-
005858;REPROVADO;-;15;9;6;-;-
007554;REPROVADO;-;15;11;4;-;-
008026;REPROVADO;-;15;13;2;-;-
004437;REPROVADO;-;14;6;8;-;-
007609;REPROVADO;-;14;10;4;-;-
005972;REPROVADO;-;14;14;0;-;-
007416;REPROVADO;-;13;5;8;-;-
007253;REPROVADO;-;13;9;4;-;-
007951;REPROVADO;-;13;9;4;-;-
006504;REPROVADO;-;13;9;4;-;-
003865;REPROVADO;-;13;11;2;-;-
007128;REPROVADO;-;13;11;2;-;-
005628;REPROVADO;-;13;13;0;-;-
008081;REPROVADO;-;12;6;6;-;-
006036;REPROVADO;-;12;10;2;-;-
008016;REPROVADO;-;12;10;2;-;-
007966;REPROVADO;-;12;10;2;-;-
004896;AUSENTE;-;-;-;-;-;-
004580;AUSENTE;-;-;-;-;-;-
007868;AUSENTE;-;-;-;-;-;-
004875;AUSENTE;-;-;-;-;-;-
004467;AUSENTE;-;-;-;-;-;-
003938;AUSENTE;-;-;-;-;-;-
007801;AUSENTE;-;-;-;-;-;-
006871;AUSENTE;-;-;-;-;-;-
004474;AUSENTE;-;-;-;-;-;-
006787;AUSENTE;-;-;-;-;-;-
007726;AUSENTE;-;-;-;-;-;-
004206;AUSENTE;-;-;-;-;-;-
007860;AUSENTE;-;-;-;-;-;-
007229;AUSENTE;-;-;-;-;-;-
006162;AUSENTE;-;-;-;-;-;-
004111;AUSENTE;-;-;-;-;-;-
005305;AUSENTE;-;-;-;-;-;-
007848;AUSENTE;-;-;-;-;-;-
005511;AUSENTE;-;-;-;-;-;-
004907;AUSENTE;-;-;-;-;-;-
005744;AUSENTE;-;-;-;-;-;-
005444;AUSENTE;-;-;-;-;-;-
004114;AUSENTE;-;-;-;-;-;-
007837;AUSENTE;-;-;-;-;-;-
008092;AUSENTE;-;-;-;-;-;-
004166;AUSENTE;-;-;-;-;-;-
004496;AUSENTE;-;-;-;-;-;-
006276;AUSENTE;-;-;-;-;-;-
007737;AUSENTE;-;-;-;-;-;-
005214;AUSENTE;-;-;-;-;-;-
003821;AUSENTE;-;-;-;-;-;-
008112;AUSENTE;-;-;-;-;-;-
008108;AUSENTE;-;-;-;-;-;-
004052;AUSENTE;-;-;-;-;-;-
004431;AUSENTE;-;-;-;-;-;-
006294;AUSENTE;-;-;-;-;-;-
006288;AUSENTE;-;-;-;-;-;-
007137;AUSENTE;-;-;-;-;-;-
004104;AUSENTE;-;-;-;-;-;-
004380;AUSENTE;-;-;-;-;-;-
006711;AUSENTE;-;-;-;-;-;-
004117;AUSENTE;-;-;-;-;-;-
005799;AUSENTE;-;-;-;-;-;-
006882;AUSENTE;-;-;-;-;-;-
006029;AUSENTE;-;-;-;-;-;-
007856;AUSENTE;-;-;-;-;-;-
006221;AUSENTE;-;-;-;-;-;-
005906;AUSENTE;-;-;-;-;-;-
006249;AUSENTE;-;-;-;-;-;-
007539;AUSENTE;-;-;-;-;-;-
007742;AUSENTE;-;-;-;-;-;-
004481;AUSENTE;-;-;-;-;-;-
004337;AUSENTE;-;-;-;-;-;-
007103;AUSENTE;-;-;-;-;-;-
006855;AUSENTE;-;-;-;-;-;-
003856;AUSENTE;-;-;-;-;-;-
007077;AUSENTE;-;-;-;-;-;-
005996;AUSENTE;-;-;-;-;-;-
004402;AUSENTE;-;-;-;-;-;-
004853;AUSENTE;-;-;-;-;-;-
003905;AUSENTE;-;-;-;-;-;-
007168;AUSENTE;-;-;-;-;-;-
005028;AUSENTE;-;-;-;-;-;-
006175;AUSENTE;-;-;-;-;-;-
007783;AUSENTE;-;-;-;-;-;-
003986;AUSENTE;-;-;-;-;-;-
006888;AUSENTE;-;-;-;-;-;-
007446;AUSENTE;-;-;-;-;-;-
007438;AUSENTE;-;-;-;-;-;-
004202;AUSENTE;-;-;-;-;-;-
005398;AUSENTE;-;-;-;-;-;-
007943;AUSENTE;-;-;-;-;-;-
004250;AUSENTE;-;-;-;-;-;-
008019;AUSENTE;-;-;-;-;-;-
006924;AUSENTE;-;-;-;-;-;-
007273;AUSENTE;-;-;-;-;-;-
006363;AUSENTE;-;-;-;-;-;-
004734;AUSENTE;-;-;-;-;-;-
006057;AUSENTE;-;-;-;-;-;-
007936;AUSENTE;-;-;-;-;-;-
007148;AUSENTE;-;-;-;-;-;-
006810;AUSENTE;-;-;-;-;-;-
004510;AUSENTE;-;-;-;-;-;-
006791;AUSENTE;-;-;-;-;-;-
004533;APROVADO;1;33;15;18;-;-
004118;APROVADO;2;32;16;16;-;-
006973;APROVADO;3;31;15;16;-;-
008027;APROVADO;4;31;17;14;-;-
007953;APROVADO;5;30;16;14;-;-
004298;APROVADO;6;30;16;14;-;-
006790;APROVADO;7;30;16;14;-;-
005815;APROVADO;8;30;18;12;-;-
006794;APROVADO;9;29;11;18;-;-
005470;APROVADO;10;29;13;16;-;-
007272;APROVADO;11;29;17;12;-;-
006905;APROVADO;12;28;14;14;-;-
005610;APROVADO;13;28;16;12;-;-
005921;APROVADO;14;28;18;10;-;-
003815;APROVADO;15;27;13;14;-;-
007493;APROVADO;16;27;13;14;-;-
006275;APROVADO;17;27;15;12;-;-
005842;APROVADO;18;27;15;12;-;-
007453;APROVADO;19;27;15;12;-;-
006166;APROVADO;20;27;15;12;-;-
006527;APROVADO;21;27;15;12;-;-
006644;APROVADO;22;27;15;12;-;-
007978;APROVADO;23;27;17;10;-;-
007757;APROVADO;24;27;17;10;-;-
007529;APROVADO;25;27;17;10;-;-
005931;APROVADO;26;27;17;10;-;-
007006;APROVADO;27;26;12;14;-;-
005075;APROVADO;28;26;14;12;-;-
006373;APROVADO;29;26;14;12;-;-
007797;APROVADO;30;26;14;12;-;-
006847;APROVADO;31;26;14;12;-;-
007038;APROVADO;32;26;14;12;-;-
006876;APROVADO;33;26;14;12;-;-
006531;APROVADO;34;26;16;10;-;-
005433;APROVADO;35;26;18;8;-;-
004005;APROVADO;36;25;11;14;-;-
004882;APROVADO;37;25;13;12;-;-
006306;APROVADO;38;25;13;12;-;-
006467;APROVADO;39;25;13;12;-;-
006435;APROVADO;40;25;15;10;-;-
007829;APROVADO;41;25;15;10;-;-
006797;APROVADO;42;25;15;10;-;-
005475;APROVADO;43;25;15;10;-;-
007580;APROVADO;44;24;12;12;-;-
005290;APROVADO;45;24;12;12;-;-
005528;APROVADO;46;24;12;12;-;-
004561;APROVADO;47;24;12;12;-;-
005625;APROVADO;48;24;12;12;-;-
005191;APROVADO;49;24;12;12;-;-
007399;APROVADO;50;24;14;10;-;-
006585;APROVADO;51;24;14;10;-;-
004416;APROVADO;52;23;11;12;-;-
004808;APROVADO;53;23;11;12;-;-
004092;APROVADO;54;23;11;12;-;-
005555;APROVADO;55;23;13;10;-;-
006482;APROVADO;56;23;13;10;-;-
006920;APROVADO;57;23;13;10;-;-
003850;APROVADO;58;23;15;8;-;-
006219;APROVADO;59;23;15;8;-;-
004390;APROVADO;60;23;15;8;-;-
006965;APROVADO;61;23;15;8;-;-
004376;APROVADO;62;23;15;8;-;-
006327;APROVADO;63;22;10;12;-;-
006286;APROVADO;64;22;10;12;-;-
006087;APROVADO;65;22;10;12;-;-
003921;APROVADO;66;22;12;10;-;-
007870;APROVADO;67;22;12;10;-;-
007166;APROVADO;68;22;12;10;-;-
005605;APROVADO;69;22;12;10;-;-
004020;APROVADO;70;22;14;8;-;-
005751;APROVADO;71;22;14;8;-;-
006483;APROVADO;72;22;14;8;-;-
006208;APROVADO;73;22;14;8;-;-
004451;APROVADO;74;22;14;8;-;-
008034;APROVADO;75;22;16;6;-;-
005580;APROVADO;76;21;9;12;-;-
004898;APROVADO;77;21;9;12;-;-
006290;APROVADO;78;21;9;12;-;-
006935;APROVADO;79;21;9;12;-;-
006887;APROVADO;80;21;9;12;-;-
008086;APROVADO;81;21;9;12;-;-
004851;APROVADO;82;21;11;10;-;-
005586;APROVADO;83;21;11;10;-;-
007043;APROVADO;84;21;11;10;-;-
007858;APROVADO;85;21;11;10;-;-
006252;APROVADO;86;21;11;10;-;-
006007;APROVADO;87;21;11;10;-;-
006525;APROVADO;88;21;11;10;-;-
007488;APROVADO;89;21;13;8;-;-
006242;APROVADO;90;21;13;8;-;-
004010;APROVADO;91;21;13;8;-;-
004878;APROVADO;92;21;15;6;-;-
007896;APROVADO;93;21;15;6;-;-
006925;APROVADO;94;20;8;12;-;-
004063;APROVADO;95;20;10;10;-;-
003864;APROVADO;96;20;10;10;-;-
007819;APROVADO;97;20;10;10;-;-
006815;APROVADO;98;20;12;8;-;-
004567;APROVADO;99;20;12;8;-;-
006358;APROVADO;100;20;12;8;-;-
006152;APROVADO;101;20;12;8;-;-
006979;APROVADO;102;20;14;6;-;-
004665;APROVADO;103;20;14;6;-;-
007738;APROVADO;104;20;14;6;-;-
003853;APROVADO;105;20;16;4;-;-
006103;REPROVADO;-;19;9;10;-;-
003888;REPROVADO;-;19;11;8;-;-
007172;REPROVADO;-;19;11;8;-;-
008059;REPROVADO;-;19;11;8;-;-
006013;REPROVADO;-;19;11;8;-;-
007668;REPROVADO;-;19;11;8;-;-
006536;REPROVADO;-;19;11;8;-;-
005905;REPROVADO;-;19;11;8;-;-
007087;REPROVADO;-;19;11;8;-;-
004002;REPROVADO;-;19;11;8;-;-
005025;REPROVADO;-;19;11;8;-;-
007419;REPROVADO;-;19;11;8;-;-
007486;REPROVADO;-;19;11;8;-;-
007289;REPROVADO;-;19;13;6;-;-
005378;REPROVADO;-;19;13;6;-;-
006844;REPROVADO;-;19;13;6;-;-
005557;REPROVADO;-;19;13;6;-;-
007596;REPROVADO;-;19;13;6;-;-
006744;REPROVADO;-;19;13;6;-;-
003929;REPROVADO;-;19;15;4;-;-
003829;REPROVADO;-;19;15;4;-;-
006688;REPROVADO;-;18;8;10;-;-
007143;REPROVADO;-;18;8;10;-;-
004458;REPROVADO;-;18;8;10;-;-
007746;REPROVADO;-;18;10;8;-;-
007190;REPROVADO;-;18;10;8;-;-
006817;REPROVADO;-;18;10;8;-;-
006576;REPROVADO;-;18;10;8;-;-
007807;REPROVADO;-;18;10;8;-;-
005759;REPROVADO;-;18;10;8;-;-
004064;REPROVADO;-;18;10;8;-;-
007572;REPROVADO;-;18;10;8;-;-
006209;REPROVADO;-;18;12;6;-;-
006990;REPROVADO;-;18;12;6;-;-
006538;REPROVADO;-;18;14;4;-;-
006679;REPROVADO;-;17;7;10;-;-
006243;REPROVADO;-;17;9;8;-;-
007046;REPROVADO;-;17;9;8;-;-
008076;REPROVADO;-;17;9;8;-;-
005313;REPROVADO;-;17;9;8;-;-
006077;REPROVADO;-;17;9;8;-;-
007047;REPROVADO;-;17;11;6;-;-
007834;REPROVADO;-;17;11;6;-;-
004645;REPROVADO;-;17;11;6;-;-
007975;REPROVADO;-;17;11;6;-;-
006784;REPROVADO;-;17;11;6;-;-
004340;REPROVADO;-;17;13;4;-;-
007428;REPROVADO;-;17;13;4;-;-
005393;REPROVADO;-;16;6;10;-;-
004505;REPROVADO;-;16;8;8;-;-
006999;REPROVADO;-;16;8;8;-;-
007727;REPROVADO;-;16;8;8;-;-
004517;REPROVADO;-;16;8;8;-;-
006881;REPROVADO;-;16;8;8;-;-
004835;REPROVADO;-;16;8;8;-;-
004822;REPROVADO;-;16;10;6;-;-
007944;REPROVADO;-;16;10;6;-;-
007728;REPROVADO;-;16;10;6;-;-
007780;REPROVADO;-;16;10;6;-;-
007965;REPROVADO;-;16;10;6;-;-
005383;REPROVADO;-;16;12;4;-;-
006519;REPROVADO;-;16;12;4;-;-
007153;REPROVADO;-;16;14;2;-;-
004912;REPROVADO;-;15;9;6;-;-
005431;REPROVADO;-;15;9;6;-;-
004067;REPROVADO;-;15;9;6;-;-
006205;REPROVADO;-;15;9;6;-;-
007177;REPROVADO;-;15;11;4;-;-
006266;REPROVADO;-;15;15;0;-;-
007994;REPROVADO;-;14;6;8;-;-
006505;REPROVADO;-;14;6;8;-;-
007340;REPROVADO;-;14;8;6;-;-
007949;REPROVADO;-;14;8;6;-;-
007180;REPROVADO;-;14;12;2;-;-
005144;REPROVADO;-;13;7;6;-;-
008020;REPROVADO;-;13;7;6;-;-
006857;REPROVADO;-;13;9;4;-;-
004660;REPROVADO;-;13;9;4;-;-
006823;REPROVADO;-;11;5;6;-;-
007466;REPROVADO;-;11;7;4;-;-
007904;REPROVADO;-;11;11;0;-;-
005499;REPROVADO;-;9;5;4;-;-
007179;REPROVADO;-;9;5;4;-;-
007460;REPROVADO;-;8;6;2;-;-
005971;REPROVADO;-;8;8;0;-;-
005940;AUSENTE;-;-;-;-;-;-
006330;AUSENTE;-;-;-;-;-;-
004065;AUSENTE;-;-;-;-;-;-
003851;AUSENTE;-;-;-;-;-;-
004908;AUSENTE;-;-;-;-;-;-
004465;AUSENTE;-;-;-;-;-;-
006108;AUSENTE;-;-;-;-;-;-
008110;AUSENTE;-;-;-;-;-;-
004025;AUSENTE;-;-;-;-;-;-
007157;AUSENTE;-;-;-;-;-;-
006856;AUSENTE;-;-;-;-;-;-
008052;AUSENTE;-;-;-;-;-;-
006105;AUSENTE;-;-;-;-;-;-
005377;AUSENTE;-;-;-;-;-;-
003927;AUSENTE;-;-;-;-;-;-
004199;AUSENTE;-;-;-;-;-;-
006058;AUSENTE;-;-;-;-;-;-
005823;AUSENTE;-;-;-;-;-;-
004131;APROVADO;1;19;19;-;-;-
004008;APROVADO;2;17;17;-;-;-
005021;APROVADO;3;17;17;-;-;-
004233;APROVADO;4;16;16;-;-;-
006043;APROVADO;5;15;15;-;-;-
003973;APROVADO;6;15;15;-;-;-
008021;APROVADO;7;15;15;-;-;-
004261;APROVADO;8;15;15;-;-;-
007165;APROVADO;9;15;15;-;-;-
004743;APROVADO;10;14;14;-;-;-
004413;APROVADO;11;14;14;-;-;-
008017;APROVADO;12;14;14;-;-;-
007805;APROVADO;13;14;14;-;-;-
006547;APROVADO;14;13;13;-;-;-
006805;APROVADO;15;13;13;-;-;-
007034;APROVADO;16;11;11;-;-;-
008014;REPROVADO;-;9;9;-;-;-
006502;REPROVADO;-;6;6;-;-;-
006649;REPROVADO;-;4;4;-;-;-
007633;REPROVADO;-;1;1;-;-;-
005369;AUSENTE;-;-;-;-;-;-
006009;AUSENTE;-;-;-;-;-;-
007390;AUSENTE;-;-;-;-;-;-
004493;APROVADO;1;14;14;-;-;-
006039;APROVADO;2;12;12;-;-;-
004577;APROVADO;1;18;18;-;-;-
007300;APROVADO;2;17;17;-;-;-
007311;APROVADO;3;16;16;-;-;-
007895;APROVADO;4;15;15;-;-;-
006788;APROVADO;1;20;20;-;-;-
005275;APROVADO;2;20;20;-;-;-
007866;APROVADO;3;20;20;-;-;-
005749;APROVADO;4;20;20;-;-;-
007693;APROVADO;5;20;20;-;-;-
007519;APROVADO;6;20;20;-;-;-
007417;APROVADO;7;20;20;-;-;-
005226;APROVADO;8;20;20;-;-;-
005334;APROVADO;9;20;20;-;-;-
005968;APROVADO;10;20;20;-;-;-
005180;APROVADO;11;20;20;-;-;-
003926;APROVADO;12;20;20;-;-;-
005594;APROVADO;13;20;20;-;-;-
006604;APROVADO;14;20;20;-;-;-
006194;APROVADO;15;20;20;-;-;-
006910;APROVADO;16;20;20;-;-;-
005197;APROVADO;17;20;20;-;-;-
006541;APROVADO;18;19;19;-;-;-
006752;APROVADO;19;19;19;-;-;-
007406;APROVADO;20;19;19;-;-;-
005773;APROVADO;21;19;19;-;-;-
007924;APROVADO;22;19;19;-;-;-
003884;APROVADO;23;19;19;-;-;-
006438;APROVADO;24;19;19;-;-;-
005024;APROVADO;25;19;19;-;-;-
007527;APROVADO;26;19;19;-;-;-
007352;APROVADO;27;19;19;-;-;-
008067;APROVADO;28;19;19;-;-;-
006739;APROVADO;29;19;19;-;-;-
007039;APROVADO;30;19;19;-;-;-
007261;APROVADO;31;19;19;-;-;-
005690;APROVADO;32;19;19;-;-;-
005789;APROVADO;33;19;19;-;-;-
007140;APROVADO;34;19;19;-;-;-
008033;APROVADO;35;19;19;-;-;-
007147;APROVADO;36;19;19;-;-;-
006385;APROVADO;37;19;19;-;-;-
008009;APROVADO;38;19;19;-;-;-
004149;APROVADO;39;19;19;-;-;-
003978;APROVADO;40;19;19;-;-;-
008093;APROVADO;41;19;19;-;-;-
007771;APROVADO;42;19;19;-;-;-
005828;APROVADO;43;19;19;-;-;-
006357;APROVADO;44;19;19;-;-;-
007977;APROVADO;45;19;19;-;-;-
005854;APROVADO;46;19;19;-;-;-
005595;APROVADO;47;19;19;-;-;-
004918;APROVADO;48;19;19;-;-;-
006709;APROVADO;49;19;19;-;-;-
004003;APROVADO;50;19;19;-;-;-
006542;APROVADO;51;18;18;-;-;-
006336;APROVADO;52;18;18;-;-;-
005561;APROVADO;53;18;18;-;-;-
004769;APROVADO;54;18;18;-;-;-
006699;APROVADO;55;18;18;-;-;-
007260;APROVADO;56;18;18;-;-;-
005588;APROVADO;57;18;18;-;-;-
006976;APROVADO;58;18;18;-;-;-
004970;APROVADO;59;18;18;-;-;-
007495;APROVADO;60;18;18;-;-;-
005106;APROVADO;61;18;18;-;-;-
007637;APROVADO;62;18;18;-;-;-
004317;APROVADO;63;18;18;-;-;-
005790;APROVADO;64;18;18;-;-;-
007281;APROVADO;65;18;18;-;-;-
004709;APROVADO;66;18;18;-;-;-
003990;APROVADO;67;18;18;-;-;-
005374;APROVADO;68;18;18;-;-;-
006386;APROVADO;69;18;18;-;-;-
007725;APROVADO;70;18;18;-;-;-
006676;APROVADO;71;18;18;-;-;-
007932;APROVADO;72;18;18;-;-;-
005202;APROVADO;73;18;18;-;-;-
005559;APROVADO;74;18;18;-;-;-
005103;APROVADO;75;18;18;-;-;-
006770;APROVADO;76;18;18;-;-;-
004787;APROVADO;77;18;18;-;-;-
006132;APROVADO;78;18;18;-;-;-
007276;APROVADO;79;18;18;-;-;-
004771;APROVADO;80;18;18;-;-;-
004478;APROVADO;81;18;18;-;-;-
006795;APROVADO;82;18;18;-;-;-
007080;APROVADO;83;18;18;-;-;-
007648;APROVADO;84;18;18;-;-;-
004399;APROVADO;85;18;18;-;-;-
004693;APROVADO;86;18;18;-;-;-
004191;APROVADO;87;18;18;-;-;-
006656;APROVADO;88;18;18;-;-;-
004916;APROVADO;89;18;18;-;-;-
007551;APROVADO;90;18;18;-;-;-
006397;APROVADO;91;18;18;-;-;-
007817;APROVADO;92;18;18;-;-;-
006850;APROVADO;93;18;18;-;-;-
004016;APROVADO;94;18;18;-;-;-
004072;APROVADO;95;18;18;-;-;-
007377;APROVADO;96;18;18;-;-;-
004750;APROVADO;97;18;18;-;-;-
003895;APROVADO;98;18;18;-;-;-
004545;APROVADO;99;18;18;-;-;-
004435;APROVADO;100;17;17;-;-;-
004040;APROVADO;101;17;17;-;-;-
007602;APROVADO;102;17;17;-;-;-
006662;APROVADO;103;17;17;-;-;-
007247;APROVADO;104;17;17;-;-;-
006304;APROVADO;105;17;17;-;-;-
004462;APROVADO;106;17;17;-;-;-
004803;APROVADO;107;17;17;-;-;-
006020;APROVADO;108;17;17;-;-;-
007193;APROVADO;109;17;17;-;-;-
005567;APROVADO;110;17;17;-;-;-
004241;APROVADO;111;17;17;-;-;-
004341;APROVADO;112;17;17;-;-;-
004184;APROVADO;113;17;17;-;-;-
005478;APROVADO;114;17;17;-;-;-
005210;APROVADO;115;17;17;-;-;-
007164;APROVADO;116;17;17;-;-;-
007392;APROVADO;117;17;17;-;-;-
006762;APROVADO;118;17;17;-;-;-
005926;APROVADO;119;17;17;-;-;-
006696;APROVADO;120;17;17;-;-;-
004842;APROVADO;121;17;17;-;-;-
005270;APROVADO;122;17;17;-;-;-
004306;APROVADO;123;17;17;-;-;-
004313;APROVADO;124;17;17;-;-;-
006663;APROVADO;125;17;17;-;-;-
004768;APROVADO;126;17;17;-;-;-
007061;APROVADO;127;17;17;-;-;-
007925;APROVADO;128;17;17;-;-;-
007920;APROVADO;129;17;17;-;-;-
006753;APROVADO;130;17;17;-;-;-
005092;APROVADO;131;17;17;-;-;-
006457;APROVADO;132;17;17;-;-;-
005373;APROVADO;133;17;17;-;-;-
006660;APROVADO;134;17;17;-;-;-
005108;APROVADO;135;17;17;-;-;-
005081;APROVADO;136;17;17;-;-;-
007523;APROVADO;137;17;17;-;-;-
003955;APROVADO;138;17;17;-;-;-
006048;APROVADO;139;17;17;-;-;-
006778;APROVADO;140;17;17;-;-;-
006837;APROVADO;141;17;17;-;-;-
005701;APROVADO;142;17;17;-;-;-
007603;APROVADO;143;17;17;-;-;-
006799;APROVADO;144;17;17;-;-;-
004264;APROVADO;145;17;17;-;-;-
005482;APROVADO;146;17;17;-;-;-
007284;APROVADO;147;16;16;-;-;-
004302;APROVADO;148;16;16;-;-;-
004237;APROVADO;149;16;16;-;-;-
006045;APROVADO;150;16;16;-;-;-
006670;APROVADO;151;16;16;-;-;-
004290;APROVADO;152;16;16;-;-;-
003966;APROVADO;153;16;16;-;-;-
005960;APROVADO;154;16;16;-;-;-
004058;APROVADO;155;16;16;-;-;-
005269;APROVADO;156;16;16;-;-;-
004777;APROVADO;157;16;16;-;-;-
005853;APROVADO;158;16;16;-;-;-
007337;APROVADO;159;16;16;-;-;-
004636;APROVADO;160;16;16;-;-;-
007286;APROVADO;161;16;16;-;-;-
008006;APROVADO;162;16;16;-;-;-
006697;APROVADO;163;16;16;-;-;-
007887;APROVADO;164;16;16;-;-;-
006932;APROVADO;165;16;16;-;-;-
006756;APROVADO;166;16;16;-;-;-
005571;APROVADO;167;16;16;-;-;-
006658;APROVADO;168;16;16;-;-;-
007333;APROVADO;169;16;16;-;-;-
007899;APROVADO;170;16;16;-;-;-
007169;APROVADO;171;16;16;-;-;-
006282;APROVADO;172;16;16;-;-;-
007359;APROVADO;173;16;16;-;-;-
007206;APROVADO;174;16;16;-;-;-
007112;APROVADO;175;16;16;-;-;-
005352;APROVADO;176;16;16;-;-;-
007119;APROVADO;177;16;16;-;-;-
006019;APROVADO;178;16;16;-;-;-
006000;APROVADO;179;16;16;-;-;-
007990;APROVADO;180;16;16;-;-;-
003922;APROVADO;181;16;16;-;-;-
007498;APROVADO;182;15;15;-;-;-
007266;APROVADO;183;15;15;-;-;-
004292;APROVADO;184;15;15;-;-;-
007014;APROVADO;185;15;15;-;-;-
007380;APROVADO;186;15;15;-;-;-
004706;APROVADO;187;15;15;-;-;-
005235;APROVADO;188;15;15;-;-;-
007186;APROVADO;189;15;15;-;-;-
006834;APROVADO;190;15;15;-;-;-
007243;APROVADO;191;15;15;-;-;-
007967;APROVADO;192;15;15;-;-;-
003942;APROVADO;193;15;15;-;-;-
007927;APROVADO;194;15;15;-;-;-
005027;APROVADO;195;15;15;-;-;-
007974;APROVADO;196;15;15;-;-;-
004221;APROVADO;197;15;15;-;-;-
005329;APROVADO;198;15;15;-;-;-
005711;APROVADO;199;15;15;-;-;-
006968;APROVADO;200;15;15;-;-;-
005524;APROVADO;201;15;15;-;-;-
006444;APROVADO;202;15;15;-;-;-
003882;APROVADO;203;15;15;-;-;-
006959;APROVADO;204;15;15;-;-;-
005807;APROVADO;205;15;15;-;-;-
004639;APROVADO;206;15;15;-;-;-
007522;APROVADO;207;15;15;-;-;-
007615;APROVADO;208;15;15;-;-;-
006786;APROVADO;209;15;15;-;-;-
004976;APROVADO;210;15;15;-;-;-
003962;APROVADO;211;15;15;-;-;-
004272;APROVADO;212;14;14;-;-;-
006093;APROVADO;213;14;14;-;-;-
004687;APROVADO;214;14;14;-;-;-
004801;APROVADO;215;14;14;-;-;-
005950;APROVADO;216;14;14;-;-;-
006377;APROVADO;217;14;14;-;-;-
004168;APROVADO;218;14;14;-;-;-
003985;APROVADO;219;14;14;-;-;-
005797;APROVADO;220;14;14;-;-;-
007537;APROVADO;221;14;14;-;-;-
007452;APROVADO;222;14;14;-;-;-
007505;APROVADO;223;14;14;-;-;-
005348;APROVADO;224;14;14;-;-;-
007502;APROVADO;225;14;14;-;-;-
004774;APROVADO;226;14;14;-;-;-
004246;APROVADO;227;14;14;-;-;-
007993;APROVADO;228;14;14;-;-;-
007623;APROVADO;229;14;14;-;-;-
006321;APROVADO;230;14;14;-;-;-
004419;APROVADO;231;14;14;-;-;-
007649;APROVADO;232;14;14;-;-;-
004549;APROVADO;233;14;14;-;-;-
004248;APROVADO;234;14;14;-;-;-
004174;APROVADO;235;14;14;-;-;-
007639;APROVADO;236;14;14;-;-;-
007552;APROVADO;237;13;13;-;-;-
007790;APROVADO;238;13;13;-;-;-
004212;APROVADO;239;13;13;-;-;-
004909;APROVADO;240;13;13;-;-;-
008074;APROVADO;241;13;13;-;-;-
005975;APROVADO;242;13;13;-;-;-
006748;APROVADO;243;13;13;-;-;-
007916;APROVADO;244;13;13;-;-;-
007524;APROVADO;245;13;13;-;-;-
005372;APROVADO;246;13;13;-;-;-
006169;APROVADO;247;13;13;-;-;-
008002;APROVADO;248;13;13;-;-;-
004497;APROVADO;249;13;13;-;-;-
005936;APROVADO;250;12;12;-;-;-
006107;APROVADO;251;12;12;-;-;-
005728;APROVADO;252;12;12;-;-;-
004884;APROVADO;253;12;12;-;-;-
005856;APROVADO;254;12;12;-;-;-
007645;APROVADO;255;12;12;-;-;-
006129;APROVADO;256;12;12;-;-;-
004675;APROVADO;257;12;12;-;-;-
004655;APROVADO;258;12;12;-;-;-
005980;APROVADO;259;12;12;-;-;-
006754;APROVADO;260;12;12;-;-;-
007194;APROVADO;261;12;12;-;-;-
006037;APROVADO;262;12;12;-;-;-
005986;APROVADO;263;12;12;-;-;-
007321;APROVADO;264;11;11;-;-;-
007641;APROVADO;265;11;11;-;-;-
004116;APROVADO;266;11;11;-;-;-
004788;APROVADO;267;11;11;-;-;-
006049;APROVADO;268;11;11;-;-;-
007957;APROVADO;269;11;11;-;-;-
005419;APROVADO;270;11;11;-;-;-
007592;APROVADO;271;11;11;-;-;-
005104;APROVADO;272;11;11;-;-;-
008080;APROVADO;273;11;11;-;-;-
003974;APROVADO;274;11;11;-;-;-
007642;APROVADO;275;11;11;-;-;-
004314;APROVADO;276;10;10;-;-;-
008005;APROVADO;277;10;10;-;-;-
004286;APROVADO;278;10;10;-;-;-
007571;APROVADO;279;10;10;-;-;-
007188;APROVADO;280;10;10;-;-;-
005658;APROVADO;281;10;10;-;-;-
006960;APROVADO;282;10;10;-;-;-
004444;REPROVADO;-;9;9;-;-;-
007145;REPROVADO;-;9;9;-;-;-
008055;REPROVADO;-;9;9;-;-;-
004443;REPROVADO;-;9;9;-;-;-
006261;REPROVADO;-;8;8;-;-;-
006080;REPROVADO;-;8;8;-;-;-
005461;REPROVADO;-;8;8;-;-;-
006776;REPROVADO;-;4;4;-;-;-
007363;AUSENTE;-;-;-;-;-;-
004674;AUSENTE;-;-;-;-;-;-
005544;AUSENTE;-;-;-;-;-;-
005593;AUSENTE;-;-;-;-;-;-
007125;AUSENTE;-;-;-;-;-;-
007821;AUSENTE;-;-;-;-;-;-
004297;AUSENTE;-;-;-;-;-;-
006408;AUSENTE;-;-;-;-;-;-
006953;AUSENTE;-;-;-;-;-;-
004158;AUSENTE;-;-;-;-;-;-
007960;AUSENTE;-;-;-;-;-;-
005216;AUSENTE;-;-;-;-;-;-
007396;AUSENTE;-;-;-;-;-;-
007122;AUSENTE;-;-;-;-;-;-
006939;AUSENTE;-;-;-;-;-;-
004566;AUSENTE;-;-;-;-;-;-
005550;AUSENTE;-;-;-;-;-;-
007638;AUSENTE;-;-;-;-;-;-
005703;AUSENTE;-;-;-;-;-;-
006733;AUSENTE;-;-;-;-;-;-
005978;AUSENTE;-;-;-;-;-;-
005669;AUSENTE;-;-;-;-;-;-
006389;AUSENTE;-;-;-;-;-;-
006768;AUSENTE;-;-;-;-;-;-
004423;AUSENTE;-;-;-;-;-;-
005650;AUSENTE;-;-;-;-;-;-
003944;AUSENTE;-;-;-;-;-;-
006078;AUSENTE;-;-;-;-;-;-
005471;AUSENTE;-;-;-;-;-;-
005644;AUSENTE;-;-;-;-;-;-
006657;AUSENTE;-;-;-;-;-;-
006076;AUSENTE;-;-;-;-;-;-
004140;APROVADO;1;20;20;-;-;-
007928;APROVADO;2;19;19;-;-;-
003881;APROVADO;3;19;19;-;-;-
004229;APROVADO;4;19;19;-;-;-
005347;APROVADO;5;19;19;-;-;-
005173;APROVADO;6;19;19;-;-;-
003968;APROVADO;7;18;18;-;-;-
007795;APROVADO;8;18;18;-;-;-
007336;APROVADO;9;18;18;-;-;-
006513;APROVADO;10;18;18;-;-;-
006704;APROVADO;11;18;18;-;-;-
004550;APROVADO;12;18;18;-;-;-
004710;APROVADO;13;18;18;-;-;-
004257;APROVADO;14;18;18;-;-;-
005502;APROVADO;15;18;18;-;-;-
007665;APROVADO;16;18;18;-;-;-
006755;APROVADO;17;17;17;-;-;-
005107;APROVADO;18;17;17;-;-;-
007546;APROVADO;19;17;17;-;-;-
006677;APROVADO;20;17;17;-;-;-
005879;APROVADO;21;17;17;-;-;-
007401;APROVADO;22;17;17;-;-;-
004017;APROVADO;23;17;17;-;-;-
007659;APROVADO;24;17;17;-;-;-
006574;APROVADO;25;17;17;-;-;-
005985;APROVADO;26;17;17;-;-;-
005558;APROVADO;27;17;17;-;-;-
007816;APROVADO;28;17;17;-;-;-
004093;APROVADO;29;17;17;-;-;-
007383;APROVADO;30;17;17;-;-;-
004304;APROVADO;31;17;17;-;-;-
007804;APROVADO;32;16;16;-;-;-
006130;APROVADO;33;16;16;-;-;-
007971;APROVADO;34;16;16;-;-;-
004135;APROVADO;35;16;16;-;-;-
007631;APROVADO;36;16;16;-;-;-
007410;APROVADO;37;16;16;-;-;-
008049;APROVADO;38;16;16;-;-;-
004217;APROVADO;39;16;16;-;-;-
007408;APROVADO;40;16;16;-;-;-
006141;APROVADO;41;16;16;-;-;-
007065;APROVADO;42;15;15;-;-;-
004014;APROVADO;43;15;15;-;-;-
006566;APROVADO;44;15;15;-;-;-
007278;APROVADO;45;15;15;-;-;-
007828;APROVADO;46;15;15;-;-;-
008056;APROVADO;47;15;15;-;-;-
006492;APROVADO;48;15;15;-;-;-
005730;APROVADO;49;14;14;-;-;-
005851;APROVADO;50;14;14;-;-;-
007074;APROVADO;51;14;14;-;-;-
007226;APROVADO;52;14;14;-;-;-
004180;APROVADO;53;14;14;-;-;-
006171;APROVADO;54;14;14;-;-;-
007939;APROVADO;55;14;14;-;-;-
007538;APROVADO;56;14;14;-;-;-
005328;APROVADO;57;14;14;-;-;-
006396;APROVADO;58;14;14;-;-;-
006378;APROVADO;59;13;13;-;-;-
005863;APROVADO;60;13;13;-;-;-
007064;APROVADO;61;13;13;-;-;-
005843;APROVADO;62;13;13;-;-;-
008125;APROVADO;63;13;13;-;-;-
003953;APROVADO;64;13;13;-;-;-
004646;APROVADO;65;13;13;-;-;-
004534;APROVADO;66;12;12;-;-;-
004498;APROVADO;67;12;12;-;-;-
005800;APROVADO;68;12;12;-;-;-
005120;APROVADO;69;12;12;-;-;-
007646;APROVADO;70;12;12;-;-;-
006355;APROVADO;71;12;12;-;-;-
005718;APROVADO;72;11;11;-;-;-
008044;APROVADO;73;11;11;-;-;-
007178;APROVADO;74;11;11;-;-;-
007307;APROVADO;75;11;11;-;-;-
004226;APROVADO;76;10;10;-;-;-
005404;APROVADO;77;10;10;-;-;-
006961;APROVADO;78;10;10;-;-;-
007917;APROVADO;79;10;10;-;-;-
007388;APROVADO;80;10;10;-;-;-
007601;REPROVADO;-;9;9;-;-;-
006423;REPROVADO;-;9;9;-;-;-
003854;REPROVADO;-;6;6;-;-;-
005037;REPROVADO;-;4;4;-;-;-
005991;REPROVADO;-;3;3;-;-;-
004672;REPROVADO;-;0;0;-;-;-
006769;AUSENTE;-;-;-;-;-;-
004278;AUSENTE;-;-;-;-;-;-
007204;AUSENTE;-;-;-;-;-;-
007480;AUSENTE;-;-;-;-;-;-
007189;AUSENTE;-;-;-;-;-;-
004663;AUSENTE;-;-;-;-;-;-
006543;AUSENTE;-;-;-;-;-;-
004751;AUSENTE;-;-;-;-;-;-
005733;AUSENTE;-;-;-;-;-;-
008073;AUSENTE;-;-;-;-;-;-
007664;AUSENTE;-;-;-;-;-;-
008048;AUSENTE;-;-;-;-;-;-
008051;AUSENTE;-;-;-;-;-;-
007270;AUSENTE;-;-;-;-;-;-
004030;AUSENTE;-;-;-;-;-;-
007608;APROVADO;1;38;16;22;-;-
005171;APROVADO;2;36;14;22;-;-
006302;APROVADO;3;36;16;20;-;-
003823;APROVADO;4;32;14;18;-;-
006974;APROVADO;5;32;16;16;-;-
003859;APROVADO;6;31;13;18;-;-
007372;APROVADO;7;30;14;16;-;-
003816;APROVADO;8;30;14;16;-;-
007449;APROVADO;9;30;14;16;-;-
007108;APROVADO;10;30;14;16;-;-
004468;APROVADO;11;29;15;14;-;-
007902;APROVADO;12;29;17;12;-;-
005809;APROVADO;13;28;14;14;-;-
007483;APROVADO;14;26;16;10;-;-
004009;APROVADO;15;26;16;10;-;-
006406;APROVADO;16;25;11;14;-;-
007893;APROVADO;17;23;9;14;-;-
006026;APROVADO;18;22;12;10;-;-
005002;APROVADO;19;22;14;8;-;-
005924;REPROVADO;-;20;8;12;-;-
004315;REPROVADO;-;20;10;10;-;-
007349;REPROVADO;-;20;10;10;-;-
005600;REPROVADO;-;19;11;8;-;-
004713;REPROVADO;-;18;12;6;-;-
005346;AUSENTE;-;-;-;-;-;-
007767;AUSENTE;-;-;-;-;-;-
004167;AUSENTE;-;-;-;-;-;-
007864;AUSENTE;-;-;-;-;-;-
004145;AUSENTE;-;-;-;-;-;-
005612;AUSENTE;-;-;-;-;-;-
008004;AUSENTE;-;-;-;-;-;-
004021;APROVADO;1;43;13;30;-;-
004601;APROVADO;2;43;15;28;-;-
006969;APROVADO;3;41;15;26;-;-
007235;APROVADO;4;38;14;24;-;-
004816;APROVADO;5;37;15;22;-;-
006325;APROVADO;6;37;15;22;-;-
004562;APROVADO;7;37;15;22;-;-
007754;APROVADO;8;36;12;24;-;-
006381;APROVADO;9;36;12;24;-;-
006028;APROVADO;10;36;14;22;-;-
004605;APROVADO;11;36;14;22;-;-
005341;APROVADO;12;35;11;24;-;-
005640;APROVADO;13;35;11;24;-;-
006174;APROVADO;14;35;11;24;-;-
007201;APROVADO;15;35;13;22;-;-
005150;APROVADO;16;35;13;22;-;-
005013;APROVADO;17;35;13;22;-;-
003940;APROVADO;18;35;13;22;-;-
005616;APROVADO;19;35;13;22;-;-
007533;APROVADO;20;35;15;20;-;-
006163;APROVADO;21;34;8;26;-;-
004305;APROVADO;22;34;12;22;-;-
007792;APROVADO;23;33;11;22;-;-
006622;APROVADO;24;33;11;22;-;-
004394;APROVADO;25;33;13;20;-;-
003872;APROVADO;26;33;13;20;-;-
006230;APROVADO;27;32;8;24;-;-
004171;APROVADO;28;32;8;24;-;-
008054;APROVADO;29;32;8;24;-;-
004181;APROVADO;30;32;10;22;-;-
003849;APROVADO;31;32;10;22;-;-
005233;APROVADO;32;32;10;22;-;-
006619;APROVADO;33;32;10;22;-;-
007992;APROVADO;34;32;12;20;-;-
007227;APROVADO;35;32;12;20;-;-
006284;APROVADO;36;32;14;18;-;-
004996;APROVADO;37;31;9;22;-;-
004049;APROVADO;38;31;9;22;-;-
004461;APROVADO;39;31;9;22;-;-
007534;APROVADO;40;31;9;22;-;-
007570;APROVADO;41;31;11;20;-;-
003960;APROVADO;42;31;11;20;-;-
005889;APROVADO;43;31;11;20;-;-
006909;APROVADO;44;31;11;20;-;-
006280;APROVADO;45;31;11;20;-;-
007897;APROVADO;46;31;13;18;-;-
007921;APROVADO;47;30;8;22;-;-
003860;APROVADO;48;30;8;22;-;-
005539;APROVADO;49;30;10;20;-;-
003965;APROVADO;50;30;10;20;-;-
005293;APROVADO;51;30;10;20;-;-
007569;APROVADO;52;30;10;20;-;-
005033;APROVADO;53;30;10;20;-;-
004587;APROVADO;54;30;12;18;-;-
006875;APROVADO;55;30;12;18;-;-
007759;APROVADO;56;30;14;16;-;-
006830;APROVADO;57;29;9;20;-;-
007908;APROVADO;58;29;11;18;-;-
004133;APROVADO;59;29;11;18;-;-
007935;APROVADO;60;29;11;18;-;-
003963;APROVADO;61;29;11;18;-;-
005754;APROVADO;62;29;11;18;-;-
005454;APROVADO;63;29;11;18;-;-
007364;APROVADO;64;29;13;16;-;-
004077;APROVADO;65;28;8;20;-;-
007802;APROVADO;66;28;8;20;-;-
007857;APROVADO;67;28;8;20;-;-
003954;APROVADO;68;28;10;18;-;-
007981;APROVADO;69;28;10;18;-;-
006383;APROVADO;70;28;10;18;-;-
005664;APROVADO;71;28;14;14;-;-
006366;APROVADO;72;27;7;20;-;-
004874;APROVADO;73;27;9;18;-;-
006139;APROVADO;74;27;9;18;-;-
004606;APROVADO;75;27;9;18;-;-
004068;APROVADO;76;27;9;18;-;-
007181;APROVADO;77;27;11;16;-;-
004076;APROVADO;78;26;8;18;-;-
005164;APROVADO;79;26;8;18;-;-
006114;APROVADO;80;26;8;18;-;-
007729;APROVADO;81;26;10;16;-;-
004295;APROVADO;82;26;10;16;-;-
005831;APROVADO;83;26;12;14;-;-
007296;APROVADO;84;25;9;16;-;-
005572;APROVADO;85;25;9;16;-;-
004733;APROVADO;86;25;9;16;-;-
006628;APROVADO;87;25;9;16;-;-
005355;APROVADO;88;25;9;16;-;-
007490;APROVADO;89;25;9;16;-;-
005047;APROVADO;90;25;11;14;-;-
005307;APROVADO;91;25;11;14;-;-
003846;APROVADO;92;25;13;12;-;-
005734;APROVADO;93;24;8;16;-;-
004855;APROVADO;94;23;5;18;-;-
004487;APROVADO;95;23;7;16;-;-
006757;APROVADO;96;23;9;14;-;-
007933;APROVADO;97;23;9;14;-;-
004329;REPROVADO;-;22;8;14;-;-
007995;REPROVADO;-;21;7;14;-;-
007292;REPROVADO;-;18;8;10;-;-
007747;REPROVADO;-;17;5;12;-;-
007450;REPROVADO;-;17;9;8;-;-
005497;AUSENTE;-;-;-;-;-;-
008010;AUSENTE;-;-;-;-;-;-
003977;AUSENTE;-;-;-;-;-;-
007656;AUSENTE;-;-;-;-;-;-
006933;AUSENTE;-;-;-;-;-;-
004910;AUSENTE;-;-;-;-;-;-
006852;AUSENTE;-;-;-;-;-;-
005540;AUSENTE;-;-;-;-;-;-
006814;AUSENTE;-;-;-;-;-;-
007687;AUSENTE;-;-;-;-;-;-
006636;AUSENTE;-;-;-;-;-;-
007962;AUSENTE;-;-;-;-;-;-
004604;AUSENTE;-;-;-;-;-;-
006115;AUSENTE;-;-;-;-;-;-
005691;AUSENTE;-;-;-;-;-;-
003912;AUSENTE;-;-;-;-;-;-
004364;AUSENTE;-;-;-;-;-;-
007964;AUSENTE;-;-;-;-;-;-
006568;AUSENTE;-;-;-;-;-;-
005755;AUSENTE;-;-;-;-;-;-
004536;AUSENTE;-;-;-;-;-;-
004438;AUSENTE;-;-;-;-;-;-
007743;APROVADO;1;39;17;22;-;-
006409;APROVADO;2;38;16;22;-;-
007861;APROVADO;3;37;15;22;-;-
006370;APROVADO;4;37;17;20;-;-
006579;APROVADO;5;37;17;20;-;-
007433;APROVADO;6;36;12;24;-;-
004330;APROVADO;7;35;15;20;-;-
007056;APROVADO;8;35;15;20;-;-
007051;APROVADO;9;35;17;18;-;-
005767;APROVADO;10;34;14;20;-;-
004430;APROVADO;11;34;16;18;-;-
007258;APROVADO;12;33;13;20;-;-
006404;APROVADO;13;33;17;16;-;-
004299;APROVADO;14;32;14;18;-;-
006766;APROVADO;15;32;14;18;-;-
004695;APROVADO;16;32;16;16;-;-
004786;APROVADO;17;32;16;16;-;-
007013;APROVADO;18;32;16;16;-;-
005145;APROVADO;19;31;11;20;-;-
004975;APROVADO;20;31;13;18;-;-
006272;APROVADO;21;31;15;16;-;-
007769;APROVADO;22;31;15;16;-;-
005268;APROVADO;23;31;15;16;-;-
007436;APROVADO;24;30;12;18;-;-
007308;APROVADO;25;30;14;16;-;-
007299;APROVADO;26;29;11;18;-;-
005967;APROVADO;27;29;17;12;-;-
004997;APROVADO;28;28;12;16;-;-
005038;APROVADO;29;27;11;16;-;-
005519;APROVADO;30;27;11;16;-;-
005026;APROVADO;31;27;13;14;-;-
007104;APROVADO;32;27;13;14;-;-
007068;APROVADO;33;25;11;14;-;-
007283;APROVADO;34;25;11;14;-;-
004602;APROVADO;35;25;13;12;-;-
007874;APROVADO;36;25;15;10;-;-
004555;APROVADO;37;25;15;10;-;-
005010;APROVADO;38;24;6;18;-;-
004426;APROVADO;39;24;12;12;-;-
007677;APROVADO;40;23;11;12;-;-
005078;APROVADO;41;21;11;10;-;-
006283;REPROVADO;-;20;12;8;-;-
007691;AUSENTE;-;-;-;-;-;-
007776;AUSENTE;-;-;-;-;-;-
004666;AUSENTE;-;-;-;-;-;-
007230;AUSENTE;-;-;-;-;-;-
007889;AUSENTE;-;-;-;-;-;-
006344;AUSENTE;-;-;-;-;-;-
003914;AUSENTE;-;-;-;-;-;-
003843;AUSENTE;-;-;-;-;-;-
005934;AUSENTE;-;-;-;-;-;-
008116;AUSENTE;-;-;-;-;-;-
008057;APROVADO;1;37;15;22;-;-
006919;APROVADO;2;36;14;22;-;-
007681;APROVADO;3;36;16;20;-;-
004563;APROVADO;4;34;14;20;-;-
007465;APROVADO;5;34;16;18;-;-
007491;APROVADO;6;33;13;20;-;-
005794;APROVADO;7;33;15;18;-;-
007163;APROVADO;8;33;15;18;-;-
007203;APROVADO;9;33;15;18;-;-
007891;APROVADO;10;33;17;16;-;-
006884;APROVADO;11;32;16;16;-;-
005994;APROVADO;12;30;14;16;-;-
007825;APROVADO;13;29;13;16;-;-
007735;APROVADO;14;29;15;14;-;-
007881;APROVADO;15;28;10;18;-;-
007763;APROVADO;16;26;12;14;-;-
004070;APROVADO;17;24;10;14;-;-
008075;APROVADO;18;23;9;14;-;-
007773;APROVADO;19;22;10;12;-;-
004982;APROVADO;20;21;11;10;-;-
007214;AUSENTE;-;-;-;-;-;-
007277;AUSENTE;-;-;-;-;-;-
007071;AUSENTE;-;-;-;-;-;-
007998;AUSENTE;-;-;-;-;-;-
005698;AUSENTE;-;-;-;-;-;-
004619;AUSENTE;-;-;-;-;-;-
004211;AUSENTE;-;-;-;-;-;-
007550;APROVADO;1;36;18;18;-;-
004987;APROVADO;2;34;18;16;-;-
004109;APROVADO;3;32;14;18;-;-
007470;APROVADO;4;32;16;16;-;-
007088;APROVADO;5;32;16;16;-;-
005463;APROVADO;6;32;16;16;-;-
007556;APROVADO;7;31;17;14;-;-
007766;APROVADO;8;30;14;16;-;-
005722;APROVADO;9;29;13;16;-;-
006488;APROVADO;10;29;13;16;-;-
005428;APROVADO;11;29;15;14;-;-
005756;APROVADO;12;29;17;12;-;-
007775;APROVADO;13;28;16;12;-;-
006314;APROVADO;14;27;13;14;-;-
004319;APROVADO;15;27;15;12;-;-
004169;APROVADO;16;27;15;12;-;-
007574;APROVADO;17;27;15;12;-;-
007233;APROVADO;18;26;14;12;-;-
006772;APROVADO;19;26;14;12;-;-
005745;APROVADO;20;26;14;12;-;-
004589;APROVADO;21;26;14;12;-;-
005810;APROVADO;22;26;14;12;-;-
005495;APROVADO;23;26;16;10;-;-
004277;APROVADO;24;26;16;10;-;-
007149;APROVADO;25;25;13;12;-;-
005016;APROVADO;26;25;13;12;-;-
005277;APROVADO;27;25;13;12;-;-
005052;APROVADO;28;25;15;10;-;-
005003;APROVADO;29;25;15;10;-;-
004954;APROVADO;30;25;15;10;-;-
006070;APROVADO;31;24;10;14;-;-
006476;APROVADO;32;24;12;12;-;-
007553;APROVADO;33;23;9;14;-;-
004385;APROVADO;34;23;11;12;-;-
004722;APROVADO;35;23;11;12;-;-
007462;APROVADO;36;22;12;10;-;-
007852;APROVADO;37;22;12;10;-;-
007892;APROVADO;38;22;12;10;-;-
007988;APROVADO;39;22;14;8;-;-
007584;REPROVADO;-;20;10;10;-;-
006417;REPROVADO;-;19;13;6;-;-
006544;REPROVADO;-;18;8;10;-;-
006264;REPROVADO;-;17;11;6;-;-
006937;AUSENTE;-;-;-;-;-;-
004018;AUSENTE;-;-;-;-;-;-
007218;AUSENTE;-;-;-;-;-;-
008109;AUSENTE;-;-;-;-;-;-
006629;AUSENTE;-;-;-;-;-;-
005203;AUSENTE;-;-;-;-;-;-
007810;AUSENTE;-;-;-;-;-;-
006340;AUSENTE;-;-;-;-;-;-
005409;AUSENTE;-;-;-;-;-;-
004096;AUSENTE;-;-;-;-;-;-
005908;AUSENTE;-;-;-;-;-;-
008091;AUSENTE;-;-;-;-;-;-
004887;AUSENTE;-;-;-;-;-;-
005009;AUSENTE;-;-;-;-;-;-
006946;AUSENTE;-;-;-;-;-;-
006809;AUSENTE;-;-;-;-;-;-
005238;APROVADO;1;32;16;16;-;-
007215;APROVADO;2;31;15;16;-;-
007876;APROVADO;3;30;18;12;-;-
006948;APROVADO;4;30;18;12;-;-
007545;APROVADO;5;29;15;14;-;-
005833;APROVADO;6;28;16;12;-;-
006032;APROVADO;7;28;16;12;-;-
004157;APROVADO;8;28;18;10;-;-
006299;APROVADO;9;27;15;12;-;-
007886;APROVADO;10;26;10;16;-;-
005760;APROVADO;11;26;12;14;-;-
004508;APROVADO;12;26;14;12;-;-
007219;APROVADO;13;26;14;12;-;-
007959;APROVADO;14;25;13;12;-;-
008030;APROVADO;15;25;15;10;-;-
007175;APROVADO;16;25;17;8;-;-
004046;APROVADO;17;25;17;8;-;-
008018;APROVADO;18;24;10;14;-;-
004911;APROVADO;19;24;12;12;-;-
004198;APROVADO;20;24;12;12;-;-
007854;APROVADO;21;24;14;10;-;-
007589;APROVADO;22;24;16;8;-;-
005663;APROVADO;23;24;16;8;-;-
005326;APROVADO;24;23;9;14;-;-
006718;APROVADO;25;23;11;12;-;-
006708;APROVADO;26;23;13;10;-;-
004087;APROVADO;27;23;13;10;-;-
003840;APROVADO;28;23;13;10;-;-
007622;APROVADO;29;23;15;8;-;-
007999;APROVADO;30;23;15;8;-;-
006540;APROVADO;31;23;15;8;-;-
005630;APROVADO;32;22;12;10;-;-
005336;APROVADO;33;22;12;10;-;-
006072;APROVADO;34;22;14;8;-;-
007474;APROVADO;35;22;14;8;-;-
004224;APROVADO;36;22;14;8;-;-
006106;APROVADO;37;22;16;6;-;-
007968;APROVADO;38;22;16;6;-;-
008083;APROVADO;39;21;11;10;-;-
005006;APROVADO;40;21;13;8;-;-
007511;APROVADO;41;21;13;8;-;-
006864;APROVADO;42;21;13;8;-;-
006356;APROVADO;43;21;15;6;-;-
005707;APROVADO;44;21;15;6;-;-
003925;APROVADO;45;20;8;12;-;-
007252;APROVADO;46;20;10;10;-;-
004560;APROVADO;47;20;12;8;-;-
006395;APROVADO;48;20;12;8;-;-
006414;APROVADO;49;20;12;8;-;-
005632;APROVADO;50;20;12;8;-;-
005421;APROVADO;51;20;12;8;-;-
007894;APROVADO;52;20;14;6;-;-
006440;APROVADO;53;20;14;6;-;-
006977;REPROVADO;-;19;11;8;-;-
007859;REPROVADO;-;19;11;8;-;-
007373;REPROVADO;-;19;13;6;-;-
007707;REPROVADO;-;18;8;10;-;-
007339;REPROVADO;-;18;10;8;-;-
003919;REPROVADO;-;18;10;8;-;-
006898;REPROVADO;-;17;7;10;-;-
005222;REPROVADO;-;17;7;10;-;-
006420;REPROVADO;-;17;11;6;-;-
003991;REPROVADO;-;16;10;6;-;-
004595;REPROVADO;-;16;10;6;-;-
006101;REPROVADO;-;16;10;6;-;-
004417;REPROVADO;-;15;11;4;-;-
007945;REPROVADO;-;14;8;6;-;-
006903;REPROVADO;-;14;8;6;-;-
004029;REPROVADO;-;13;7;6;-;-
004130;REPROVADO;-;13;9;4;-;-
006780;REPROVADO;-;13;11;2;-;-
008036;REPROVADO;-;12;8;4;-;-
006777;AUSENTE;-;-;-;-;-;-
008078;AUSENTE;-;-;-;-;-;-
008113;AUSENTE;-;-;-;-;-;-
007779;AUSENTE;-;-;-;-;-;-
004113;APROVADO;1;39;19;20;-;-
006927;APROVADO;2;30;16;14;-;-
004175;APROVADO;3;29;13;16;-;-
007001;APROVADO;4;28;16;12;-;-
006124;APROVADO;5;28;16;12;-;-
007781;APROVADO;6;28;18;10;-;-
008037;APROVADO;7;27;17;10;-;-
006985;APROVADO;8;27;19;8;-;-
007303;APROVADO;9;27;19;8;-;-
007444;APROVADO;10;26;18;8;-;-
006335;APROVADO;11;25;15;10;-;-
007755;APROVADO;12;25;17;8;-;-
005748;APROVADO;13;25;17;8;-;-
007506;APROVADO;14;25;17;8;-;-
004933;APROVADO;15;24;12;12;-;-
004738;APROVADO;16;24;14;10;-;-
003876;APROVADO;17;24;14;10;-;-
007448;APROVADO;18;23;9;14;-;-
003833;APROVADO;19;23;13;10;-;-
005935;APROVADO;20;23;15;8;-;-
005796;APROVADO;21;23;15;8;-;-
007647;APROVADO;22;23;15;8;-;-
007306;APROVADO;23;22;12;10;-;-
006822;APROVADO;24;22;14;8;-;-
005417;APROVADO;25;22;14;8;-;-
003839;APROVADO;26;22;16;6;-;-
004765;APROVADO;27;22;16;6;-;-
006075;APROVADO;28;22;16;6;-;-
006879;APROVADO;29;22;16;6;-;-
006394;APROVADO;30;22;16;6;-;-
007139;APROVADO;31;22;18;4;-;-
007655;APROVADO;32;21;13;8;-;-
005900;APROVADO;33;21;15;6;-;-
005812;APROVADO;34;20;12;8;-;-
005553;APROVADO;35;20;14;6;-;-
006202;APROVADO;36;20;16;4;-;-
005599;REPROVADO;-;19;11;8;-;-
004515;REPROVADO;-;19;13;6;-;-
006941;REPROVADO;-;19;13;6;-;-
007847;REPROVADO;-;19;13;6;-;-
008100;REPROVADO;-;19;13;6;-;-
006586;REPROVADO;-;18;8;10;-;-
007162;REPROVADO;-;18;8;10;-;-
005999;REPROVADO;-;18;10;8;-;-
007560;REPROVADO;-;18;12;6;-;-
003873;REPROVADO;-;17;11;6;-;-
005928;REPROVADO;-;17;13;4;-;-
006741;REPROVADO;-;17;13;4;-;-
004127;REPROVADO;-;17;13;4;-;-
007777;REPROVADO;-;17;13;4;-;-
008003;REPROVADO;-;16;8;8;-;-
007159;REPROVADO;-;16;10;6;-;-
005204;REPROVADO;-;16;14;2;-;-
005675;REPROVADO;-;15;11;4;-;-
003885;REPROVADO;-;15;11;4;-;-
005791;REPROVADO;-;15;13;2;-;-
006690;REPROVADO;-;13;9;4;-;-
007683;REPROVADO;-;13;9;4;-;-
007526;REPROVADO;-;13;11;2;-;-
007312;AUSENTE;-;-;-;-;-;-
007914;AUSENTE;-;-;-;-;-;-
007787;AUSENTE;-;-;-;-;-;-
007619;AUSENTE;-;-;-;-;-;-
007378;AUSENTE;-;-;-;-;-;-
004333;AUSENTE;-;-;-;-;-;-
006620;AUSENTE;-;-;-;-;-;-
004139;AUSENTE;-;-;-;-;-;-
005467;AUSENTE;-;-;-;-;-;-
004382;AUSENTE;-;-;-;-;-;-
004216;AUSENTE;-;-;-;-;-;-
004858;CONVOCADO PARA PROVA PRÁTICA;1;33;13;20;-;-
007583;CONVOCADO PARA PROVA PRÁTICA;2;22;4;18;-;-
006617;APROVADO;1;39;17;22;-;-
004324;APROVADO;2;38;16;22;-;-
006116;APROVADO;3;36;16;20;-;-
006465;APROVADO;4;35;15;20;-;-
006062;APROVADO;5;35;15;20;-;-
006365;APROVADO;6;35;15;20;-;-
006589;APROVADO;7;35;17;18;-;-
005895;APROVADO;8;34;16;18;-;-
005917;APROVADO;9;34;18;16;-;-
008001;APROVADO;10;33;11;22;-;-
006789;APROVADO;11;33;13;20;-;-
004325;APROVADO;12;32;14;18;-;-
003831;APROVADO;13;32;16;16;-;-
006936;APROVADO;14;31;13;18;-;-
005779;APROVADO;15;31;13;18;-;-
006212;APROVADO;16;31;15;16;-;-
007083;APROVADO;17;31;17;14;-;-
004102;APROVADO;18;30;14;16;-;-
005492;APROVADO;19;30;14;16;-;-
007029;APROVADO;20;30;16;14;-;-
003887;APROVADO;21;30;16;14;-;-
003947;APROVADO;22;29;11;18;-;-
006587;APROVADO;23;29;13;16;-;-
007565;APROVADO;24;28;14;14;-;-
004056;APROVADO;25;28;14;14;-;-
007049;APROVADO;26;27;15;12;-;-
004344;APROVADO;27;27;15;12;-;-
007093;APROVADO;28;27;15;12;-;-
004934;APROVADO;29;27;15;12;-;-
006637;APROVADO;30;26;14;12;-;-
006056;APROVADO;31;26;14;12;-;-
005086;APROVADO;32;26;14;12;-;-
003838;APROVADO;33;24;8;16;-;-
006634;APROVADO;34;23;13;10;-;-
003866;APROVADO;35;22;14;8;-;-
005040;APROVADO;36;21;13;8;-;-
005695;REPROVADO;-;20;12;8;-;-
006828;REPROVADO;-;17;7;10;-;-
003855;AUSENTE;-;-;-;-;-;-
007543;AUSENTE;-;-;-;-;-;-
007345;AUSENTE;-;-;-;-;-;-
006981;AUSENTE;-;-;-;-;-;-
005783;AUSENTE;-;-;-;-;-;-
007938;AUSENTE;-;-;-;-;-;-
004879;AUSENTE;-;-;-;-;-;-
006161;AUSENTE;-;-;-;-;-;-
005084;AUSENTE;-;-;-;-;-;-
007867;AUSENTE;-;-;-;-;-;-
003957;AUSENTE;-;-;-;-;-;-
007826;APROVADO;1;20;20;-;-;-
007517;APROVADO;2;18;18;-;-;-
006572;APROVADO;3;18;18;-;-;-
006693;APROVADO;4;17;17;-;-;-
004044;APROVADO;5;17;17;-;-;-
006653;APROVADO;6;16;16;-;-;-
006561;APROVADO;7;15;15;-;-;-
007675;APROVADO;8;14;14;-;-;-
006082;APROVADO;9;14;14;-;-;-
006350;APROVADO;10;14;14;-;-;-
007344;APROVADO;11;14;14;-;-;-
004541;APROVADO;12;13;13;-;-;-
005768;APROVADO;13;11;11;-;-;-
006916;APROVADO;14;10;10;-;-;-
007629;AUSENTE;-;-;-;-;-;-
007503;CONVOCADO PARA PROVA PRÁTICA;1;38;18;20;-;-
004479;CONVOCADO PARA PROVA PRÁTICA;2;37;17;20;-;-
007351;CONVOCADO PARA PROVA PRÁTICA;3;37;19;18;-;-
007362;CONVOCADO PARA PROVA PRÁTICA;4;33;13;20;-;-
006983;CONVOCADO PARA PROVA PRÁTICA;5;33;13;20;-;-
007375;CONVOCADO PARA PROVA PRÁTICA;6;33;13;20;-;-
006317;CONVOCADO PARA PROVA PRÁTICA;7;25;13;12;-;-
004575;CONVOCADO PARA PROVA PRÁTICA;1;33;15;18;-;-
007504;CONVOCADO PARA PROVA PRÁTICA;2;25;13;12;-;-
004366;CONVOCADO PARA PROVA PRÁTICA;3;24;14;10;-;-
005836;APROVADO;1;30;12;18;-;-
006173;APROVADO;2;23;11;12;-;-
005451;AUSENTE;-;-;-;-;-;-
007614;AUSENTE;-;-;-;-;-;-
006196;AUSENTE;-;-;-;-;-;-
004763;APROVADO;1;36;14;22;-;-
004893;APROVADO;2;32;14;18;-;-
007525;APROVADO;3;28;14;14;-;-
005781;APROVADO;1;39;13;26;-;-
007251;AUSENTE;-;-;-;-;-;-
007855;AUSENTE;-;-;-;-;-;-
007464;CONVOCADO PARA PROVA PRÁTICA;1;37;19;18;-;-
007898;CONVOCADO PARA PROVA PRÁTICA;2;35;19;16;-;-
005507;CONVOCADO PARA PROVA PRÁTICA;3;35;19;16;-;-
007785;CONVOCADO PARA PROVA PRÁTICA;4;34;16;18;-;-
005591;CONVOCADO PARA PROVA PRÁTICA;5;34;18;16;-;-
005570;CONVOCADO PARA PROVA PRÁTICA;6;34;18;16;-;-
005218;CONVOCADO PARA PROVA PRÁTICA;7;33;17;16;-;-
007402;CONVOCADO PARA PROVA PRÁTICA;8;33;19;14;-;-
006160;CONVOCADO PARA PROVA PRÁTICA;9;31;13;18;-;-
005426;CONVOCADO PARA PROVA PRÁTICA;10;31;13;18;-;-
004115;CONVOCADO PARA PROVA PRÁTICA;11;31;15;16;-;-
004203;CONVOCADO PARA PROVA PRÁTICA;12;31;15;16;-;-
005735;CONVOCADO PARA PROVA PRÁTICA;13;31;15;16;-;-
005679;CONVOCADO PARA PROVA PRÁTICA;14;31;15;16;-;-
005860;CONVOCADO PARA PROVA PRÁTICA;15;31;17;14;-;-
004310;CONVOCADO PARA PROVA PRÁTICA;16;31;17;14;-;-
006424;CONVOCADO PARA PROVA PRÁTICA;17;31;17;14;-;-
004756;CONVOCADO PARA PROVA PRÁTICA;18;31;19;12;-;-
007282;CONVOCADO PARA PROVA PRÁTICA;19;30;14;16;-;-
006117;CONVOCADO PARA PROVA PRÁTICA;20;30;14;16;-;-
006165;CONVOCADO PARA PROVA PRÁTICA;21;30;14;16;-;-
004513;CONVOCADO PARA PROVA PRÁTICA;22;30;14;16;-;-
006956;CONVOCADO PARA PROVA PRÁTICA;23;30;14;16;-;-
006967;CONVOCADO PARA PROVA PRÁTICA;24;30;16;14;-;-
004964;CONVOCADO PARA PROVA PRÁTICA;25;30;16;14;-;-
006689;CONVOCADO PARA PROVA PRÁTICA;26;30;16;14;-;-
007662;CONVOCADO PARA PROVA PRÁTICA;27;30;16;14;-;-
005862;CONVOCADO PARA PROVA PRÁTICA;28;30;16;14;-;-
005201;CONVOCADO PARA PROVA PRÁTICA;29;30;16;14;-;-
006684;CONVOCADO PARA PROVA PRÁTICA;30;29;13;16;-;-
006950;CONVOCADO PARA PROVA PRÁTICA;31;29;15;14;-;-
005887;CONVOCADO PARA PROVA PRÁTICA;32;29;15;14;-;-
006074;CONVOCADO PARA PROVA PRÁTICA;33;29;15;14;-;-
006635;CONVOCADO PARA PROVA PRÁTICA;34;29;15;14;-;-
006185;CONVOCADO PARA PROVA PRÁTICA;35;29;15;14;-;-
006099;CONVOCADO PARA PROVA PRÁTICA;36;29;15;14;-;-
003877;CONVOCADO PARA PROVA PRÁTICA;37;29;17;12;-;-
006902;CONVOCADO PARA PROVA PRÁTICA;38;29;17;12;-;-
004080;CONVOCADO PARA PROVA PRÁTICA;39;28;12;16;-;-
004664;CONVOCADO PARA PROVA PRÁTICA;40;28;14;14;-;-
005333;REPROVADO;-;28;14;14;-;-
006645;REPROVADO;-;28;16;12;-;-
007651;REPROVADO;-;28;16;12;-;-
007789;REPROVADO;-;28;16;12;-;-
007475;REPROVADO;-;28;16;12;-;-
008008;REPROVADO;-;27;13;14;-;-
006581;REPROVADO;-;27;15;12;-;-
007793;REPROVADO;-;27;15;12;-;-
007353;REPROVADO;-;27;15;12;-;-
005223;REPROVADO;-;27;17;10;-;-
007461;REPROVADO;-;27;17;10;-;-
003867;REPROVADO;-;26;10;16;-;-
007736;REPROVADO;-;26;10;16;-;-
004833;REPROVADO;-;26;12;14;-;-
006059;REPROVADO;-;26;12;14;-;-
006041;REPROVADO;-;26;12;14;-;-
004374;REPROVADO;-;26;14;12;-;-
006731;REPROVADO;-;26;14;12;-;-
007269;REPROVADO;-;26;14;12;-;-
004223;REPROVADO;-;26;14;12;-;-
006499;REPROVADO;-;26;16;10;-;-
007607;REPROVADO;-;26;16;10;-;-
005696;REPROVADO;-;25;9;16;-;-
004608;REPROVADO;-;25;11;14;-;-
006716;REPROVADO;-;25;13;12;-;-
003936;REPROVADO;-;25;13;12;-;-
007447;REPROVADO;-;25;13;12;-;-
005184;REPROVADO;-;25;13;12;-;-
006706;REPROVADO;-;25;15;10;-;-
005506;REPROVADO;-;24;10;14;-;-
007676;REPROVADO;-;24;10;14;-;-
007711;REPROVADO;-;24;12;12;-;-
007199;REPROVADO;-;24;14;10;-;-
006963;REPROVADO;-;24;14;10;-;-
004407;REPROVADO;-;24;14;10;-;-
007685;REPROVADO;-;24;14;10;-;-
006827;REPROVADO;-;24;14;10;-;-
004273;REPROVADO;-;24;14;10;-;-
006104;REPROVADO;-;24;14;10;-;-
006573;REPROVADO;-;24;16;8;-;-
007682;REPROVADO;-;23;9;14;-;-
007403;REPROVADO;-;23;9;14;-;-
006763;REPROVADO;-;23;9;14;-;-
005484;REPROVADO;-;23;9;14;-;-
006228;REPROVADO;-;23;11;12;-;-
004895;REPROVADO;-;23;11;12;-;-
004288;REPROVADO;-;23;13;10;-;-
004440;REPROVADO;-;23;13;10;-;-
005914;REPROVADO;-;23;13;10;-;-
007127;REPROVADO;-;23;13;10;-;-
006391;REPROVADO;-;22;10;12;-;-
004187;REPROVADO;-;22;10;12;-;-
008099;REPROVADO;-;22;12;10;-;-
004662;REPROVADO;-;22;12;10;-;-
006311;REPROVADO;-;22;12;10;-;-
004062;REPROVADO;-;22;12;10;-;-
004124;REPROVADO;-;22;14;8;-;-
004225;REPROVADO;-;21;7;14;-;-
003933;REPROVADO;-;21;11;10;-;-
004772;REPROVADO;-;21;11;10;-;-
007254;REPROVADO;-;21;11;10;-;-
005872;REPROVADO;-;21;11;10;-;-
007280;REPROVADO;-;21;13;8;-;-
006109;REPROVADO;-;21;13;8;-;-
007822;REPROVADO;-;21;15;6;-;-
006458;REPROVADO;-;20;10;10;-;-
007634;REPROVADO;-;20;10;10;-;-
007931;REPROVADO;-;20;10;10;-;-
007586;REPROVADO;-;20;10;10;-;-
006611;REPROVADO;-;20;10;10;-;-
007617;REPROVADO;-;20;10;10;-;-
005832;REPROVADO;-;20;12;8;-;-
005876;REPROVADO;-;19;9;10;-;-
008011;REPROVADO;-;19;9;10;-;-
005992;REPROVADO;-;18;8;10;-;-
005135;REPROVADO;-;18;8;10;-;-
008024;REPROVADO;-;18;10;8;-;-
007482;REPROVADO;-;18;12;6;-;-
006883;REPROVADO;-;18;12;6;-;-
007986;REPROVADO;-;17;7;10;-;-
006621;REPROVADO;-;17;7;10;-;-
007033;REPROVADO;-;17;7;10;-;-
007250;REPROVADO;-;17;7;10;-;-
004276;REPROVADO;-;17;9;8;-;-
003879;REPROVADO;-;17;9;8;-;-
005206;REPROVADO;-;16;8;8;-;-
006681;REPROVADO;-;15;5;10;-;-
008070;REPROVADO;-;15;5;10;-;-
007702;REPROVADO;-;15;7;8;-;-
006996;REPROVADO;-;15;9;6;-;-
006627;REPROVADO;-;15;9;6;-;-
004274;REPROVADO;-;14;8;6;-;-
007116;REPROVADO;-;13;5;8;-;-
007669;REPROVADO;-;13;7;6;-;-
004617;REPROVADO;-;11;7;4;-;-
005209;REPROVADO;-;11;7;4;-;-
005200;REPROVADO;-;10;6;4;-;-
007329;AUSENTE;-;-;-;-;-;-
008077;AUSENTE;-;-;-;-;-;-
005738;AUSENTE;-;-;-;-;-;-
005406;AUSENTE;-;-;-;-;-;-
003981;AUSENTE;-;-;-;-;-;-
005354;AUSENTE;-;-;-;-;-;-
007238;AUSENTE;-;-;-;-;-;-
006195;AUSENTE;-;-;-;-;-;-
008038;AUSENTE;-;-;-;-;-;-
005893;AUSENTE;-;-;-;-;-;-
006962;AUSENTE;-;-;-;-;-;-
005765;AUSENTE;-;-;-;-;-;-
007625;AUSENTE;-;-;-;-;-;-
005236;AUSENTE;-;-;-;-;-;-
008066;AUSENTE;-;-;-;-;-;-
004213;AUSENTE;-;-;-;-;-;-
003931;AUSENTE;-;-;-;-;-;-
006332;AUSENTE;-;-;-;-;-;-
004484;AUSENTE;-;-;-;-;-;-
007144;AUSENTE;-;-;-;-;-;-
007365;AUSENTE;-;-;-;-;-;-
006426;CONVOCADO PARA PROVA PRÁTICA;1;33;17;16;-;-
005888;CONVOCADO PARA PROVA PRÁTICA;2;31;17;14;-;-
006764;CONVOCADO PARA PROVA PRÁTICA;3;28;14;14;-;-
007354;CONVOCADO PARA PROVA PRÁTICA;4;28;16;12;-;-
006926;CONVOCADO PARA PROVA PRÁTICA;5;27;15;12;-;-
005700;CONVOCADO PARA PROVA PRÁTICA;6;20;12;8;-;-
007796;REPROVADO;-;16;8;8;-;-
005945;REPROVADO;-;16;12;4;-;-
007131;CONVOCADO PARA PROVA PRÁTICA;1;28;14;14;-;-
006682;CONVOCADO PARA PROVA PRÁTICA;2;24;12;12;-;-
007989;CONVOCADO PARA PROVA PRÁTICA;3;20;10;10;-;-
008015;REPROVADO;-;15;7;8;-;-
005829;AUSENTE;-;-;-;-;-;-
006210;APROVADO;1;39,5;15;24;0,5;-
004744;APROVADO;2;37;13;24;0;-
003923;APROVADO;3;36;16;18;2;-
003830;APROVADO;4;36;12;24;0;-
004369;APROVADO;5;35,5;12;22;1,5;-
007011;APROVADO;6;35;15;20;0;-
005958;APROVADO;7;35;15;20;0;-
007710;APROVADO;8;34;14;20;0;-
006921;APROVADO;9;34;18;16;0;-
005923;APROVADO;10;33;15;18;0;-
007731;APROVADO;11;33;17;16;0;-
004796;APROVADO;12;32,5;16;16;0,5;-
007823;APROVADO;13;32;14;18;0;-
006612;APROVADO;14;32;14;18;0;-
007347;APROVADO;15;32;14;18;0;-
004622;APROVADO;16;32;16;16;0;-
004927;APROVADO;17;32;16;16;0;-
006412;APROVADO;18;31,56;16;14;1,56;-
004967;APROVADO;19;31,5;12;18;1,5;-
007454;APROVADO;20;31,5;14;16;1,5;-
006479;APROVADO;21;31;13;16;2;-
006379;APROVADO;22;31;13;16;2;-
005020;APROVADO;23;31;15;16;0;-
007692;APROVADO;24;31;15;16;0;-
004802;APROVADO;25;30,5;12;18;0,5;-
004500;APROVADO;26;30,5;16;14;0,5;-
006478;APROVADO;27;30;14;14;2;-
007126;APROVADO;28;30;14;16;0;-
006040;APROVADO;29;30;14;16;0;-
005151;APROVADO;30;30;14;16;0;-
006860;APROVADO;31;30;16;14;0;-
004094;APROVADO;32;29,693;10;18;1,693;-
006308;APROVADO;33;29,5;14;14;1,5;-
005199;APROVADO;34;29;13;14;2;-
004798;APROVADO;35;29;13;14;2;-
004137;APROVADO;36;29;11;18;0;-
007098;APROVADO;37;29;13;16;0;-
006773;APROVADO;38;29;13;16;0;-
005177;APROVADO;39;29;13;16;0;-
005531;APROVADO;40;29;13;16;0;-
004387;APROVADO;41;29;13;16;0;-
006613;APROVADO;42;29;15;14;0;-
007290;APROVADO;43;29;15;14;0;-
008035;APROVADO;44;29;15;14;0;-
004368;APROVADO;45;29;15;14;0;-
006411;APROVADO;46;29;15;14;0;-
004363;APROVADO;47;29;15;14;0;-
007389;APROVADO;48;28,5;12;16;0,5;-
004370;APROVADO;49;28,5;14;14;0,5;-
005584;APROVADO;50;28;12;14;2;-
005032;APROVADO;51;28;14;12;2;-
004746;APROVADO;52;28;10;18;0;-
006593;APROVADO;53;28;12;16;0;-
006001;APROVADO;54;28;12;16;0;-
005516;APROVADO;55;28;12;16;0;-
006445;APROVADO;56;28;14;14;0;-
005127;APROVADO;57;28;14;14;0;-
006402;APROVADO;58;28;16;12;0;-
005427;APROVADO;59;28;16;12;0;-
007457;APROVADO;60;27;11;14;2;-
004963;APROVADO;61;27;11;14;2;-
006153;APROVADO;62;27;13;12;2;-
005667;APROVADO;63;27;9;18;0;-
007115;APROVADO;64;27;11;16;0;-
004962;APROVADO;65;27;13;14;0;-
006848;APROVADO;66;27;13;14;0;-
006453;APROVADO;67;27;13;14;0;-
007879;APROVADO;68;27;13;14;0;-
004540;APROVADO;69;27;13;14;0;-
006206;APROVADO;70;27;13;14;0;-
006874;APROVADO;71;27;13;14;0;-
007173;APROVADO;72;27;13;14;0;-
007618;APROVADO;73;27;13;14;0;-
007124;APROVADO;74;27;13;14;0;-
005287;APROVADO;75;27;15;12;0;-
006966;APROVADO;76;27;15;12;0;-
007926;APROVADO;77;27;15;12;0;-
007223;APROVADO;78;27;15;12;0;-
007850;APROVADO;79;27;15;12;0;-
005547;APROVADO;80;27;15;12;0;-
004971;APROVADO;81;27;15;12;0;-
007423;APROVADO;82;26,5;13;12;1,5;-
007437;APROVADO;83;26,5;12;14;0,5;-
006033;APROVADO;84;26;12;12;2;-
006934;APROVADO;85;26;14;10;2;-
006598;APROVADO;86;26;10;16;0;-
007060;APROVADO;87;26;10;16;0;-
008047;APROVADO;88;26;12;14;0;-
004870;APROVADO;89;26;14;12;0;-
004573;APROVADO;90;26;14;12;0;-
006455;APROVADO;91;26;14;12;0;-
007057;APROVADO;92;26;14;12;0;-
006149;APROVADO;93;26;14;12;0;-
006035;APROVADO;94;26;14;12;0;-
007716;APROVADO;95;26;14;12;0;-
007224;APROVADO;96;26;14;12;0;-
007422;APROVADO;97;26;14;12;0;-
006192;APROVADO;98;26;14;12;0;-
007025;APROVADO;99;26;14;12;0;-
006481;APROVADO;100;26;16;10;0;-
003961;APROVADO;101;25,9;12;12;1,9;-
004776;APROVADO;102;25,75;14;10;1,75;-
003935;APROVADO;103;25,5;10;14;1,5;-
007091;APROVADO;104;25,5;12;12;1,5;-
004269;APROVADO;105;25;9;14;2;-
006267;APROVADO;106;25;11;14;0;-
007073;APROVADO;107;25;11;14;0;-
007674;APROVADO;108;25;11;14;0;-
005312;APROVADO;109;25;11;14;0;-
007291;APROVADO;110;25;11;14;0;-
004516;APROVADO;111;25;11;14;0;-
007508;APROVADO;112;25;11;14;0;-
008095;APROVADO;113;25;11;14;0;-
007045;APROVADO;114;25;13;12;0;-
007632;APROVADO;115;25;13;12;0;-
004384;APROVADO;116;25;13;12;0;-
005717;APROVADO;117;25;13;12;0;-
005899;APROVADO;118;25;13;12;0;-
005903;APROVADO;119;25;13;12;0;-
007653;APROVADO;120;25;13;12;0;-
007752;APROVADO;121;25;15;10;0;-
006745;APROVADO;122;25;15;10;0;-
005116;APROVADO;123;24,93;9;14;1,93;-
005140;APROVADO;124;24,5;11;12;1,5;-
007197;APROVADO;125;24,5;12;12;0,5;-
006528;APROVADO;126;24,5;14;10;0,5;-
005776;APROVADO;127;24;10;12;2;-
004494;APROVADO;128;24;12;10;2;-
005564;APROVADO;129;24;10;14;0;-
006896;APROVADO;130;24;10;14;0;-
003868;APROVADO;131;24;10;14;0;-
007099;APROVADO;132;24;10;14;0;-
004195;APROVADO;133;24;10;14;0;-
007732;APROVADO;134;24;12;12;0;-
006597;APROVADO;135;24;12;12;0;-
007812;APROVADO;136;24;12;12;0;-
005239;APROVADO;137;24;12;12;0;-
004294;APROVADO;138;24;12;12;0;-
004813;APROVADO;139;24;12;12;0;-
005264;APROVADO;140;24;12;12;0;-
006609;APROVADO;141;24;12;12;0;-
005335;APROVADO;142;24;12;12;0;-
005190;APROVADO;143;24;12;12;0;-
006570;APROVADO;144;24;12;12;0;-
007385;APROVADO;145;24;12;12;0;-
005944;APROVADO;146;24;14;10;0;-
004632;APROVADO;147;24;14;10;0;-
007036;APROVADO;148;24;14;10;0;-
005004;APROVADO;149;24;14;10;0;-
006480;APROVADO;150;24;14;10;0;-
006954;APROVADO;151;24;14;10;0;-
006091;APROVADO;152;23,5;9;14;0,5;-
006065;APROVADO;153;23,5;13;10;0,5;-
004978;APROVADO;154;23;9;12;2;-
005802;APROVADO;155;23;9;14;0;-
004948;APROVADO;156;23;9;14;0;-
007042;APROVADO;157;23;9;14;0;-
007573;APROVADO;158;23;9;14;0;-
005093;APROVADO;159;23;11;12;0;-
007520;APROVADO;160;23;11;12;0;-
008111;APROVADO;161;23;11;12;0;-
007155;APROVADO;162;23;11;12;0;-
005280;APROVADO;163;23;11;12;0;-
005443;APROVADO;164;23;11;12;0;-
006374;APROVADO;165;23;11;12;0;-
007515;APROVADO;166;23;11;12;0;-
005937;APROVADO;167;23;11;12;0;-
005911;APROVADO;168;23;11;12;0;-
007129;APROVADO;169;23;11;12;0;-
005023;APROVADO;170;23;13;10;0;-
008088;APROVADO;171;23;13;10;0;-
006555;APROVADO;172;23;13;10;0;-
007432;APROVADO;173;22,5;13;8;1,5;-
006349;APROVADO;174;22,5;12;10;0,5;-
006839;APROVADO;175;22;8;14;0;-
007626;APROVADO;176;22;10;12;0;-
007786;APROVADO;177;22;10;12;0;-
007072;APROVADO;178;22;10;12;0;-
007222;APROVADO;179;22;10;12;0;-
004359;APROVADO;180;22;10;12;0;-
004454;APROVADO;181;22;12;10;0;-
003900;APROVADO;182;22;12;10;0;-
005556;APROVADO;183;22;12;10;0;-
005327;APROVADO;184;22;12;10;0;-
006387;APROVADO;185;22;12;10;0;-
005750;APROVADO;186;22;12;10;0;-
003903;APROVADO;187;22;12;10;0;-
007698;APROVADO;188;22;12;10;0;-
008094;APROVADO;189;22;12;10;0;-
007231;APROVADO;190;22;12;10;0;-
005340;APROVADO;191;21,2;13;8;0,2;-
005067;APROVADO;192;21;9;12;0;-
005187;APROVADO;193;21;9;12;0;-
006750;APROVADO;194;21;9;12;0;-
007426;APROVADO;195;21;9;12;0;-
004547;APROVADO;196;21;9;12;0;-
006530;APROVADO;197;21;11;10;0;-
005633;APROVADO;198;21;11;10;0;-
007232;APROVADO;199;21;11;10;0;-
006265;APROVADO;200;21;13;8;0;-
007739;APROVADO;201;21;13;8;0;-
007843;APROVADO;202;21;13;8;0;-
007135;REPROVADO;-;20;6;14;-;-
004520;REPROVADO;-;20;8;12;-;-
005079;REPROVADO;-;20;8;12;-;-
007484;REPROVADO;-;20;10;10;-;-
006703;REPROVADO;-;20;10;10;-;-
007285;REPROVADO;-;20;10;10;-;-
004572;REPROVADO;-;20;10;10;-;-
005803;REPROVADO;-;20;10;10;-;-
007472;REPROVADO;-;20;10;10;-;-
007535;REPROVADO;-;20;10;10;-;-
006244;REPROVADO;-;20;10;10;-;-
006333;REPROVADO;-;20;10;10;-;-
007630;REPROVADO;-;20;10;10;-;-
004442;REPROVADO;-;20;10;10;-;-
006747;REPROVADO;-;20;12;8;-;-
005117;REPROVADO;-;20;12;8;-;-
005657;REPROVADO;-;20;12;8;-;-
007883;REPROVADO;-;20;12;8;-;-
007134;REPROVADO;-;20;12;8;-;-
007774;REPROVADO;-;20;12;8;-;-
005901;REPROVADO;-;20;12;8;-;-
005965;REPROVADO;-;20;12;8;-;-
006607;REPROVADO;-;20;12;8;-;-
007970;REPROVADO;-;20;12;8;-;-
007239;REPROVADO;-;20;14;6;-;-
005910;REPROVADO;-;20;10;10;-;-
007604;REPROVADO;-;20;14;6;-;-
008025;REPROVADO;-;19;7;12;-;-
004880;REPROVADO;-;19;7;12;-;-
005845;REPROVADO;-;19;7;12;-;-
004318;REPROVADO;-;19;9;10;-;-
007510;REPROVADO;-;19;9;10;-;-
007413;REPROVADO;-;19;9;10;-;-
004924;REPROVADO;-;19;9;10;-;-
007085;REPROVADO;-;19;9;10;-;-
005368;REPROVADO;-;19;9;10;-;-
006951;REPROVADO;-;19;9;10;-;-
007221;REPROVADO;-;19;9;10;-;-
006118;REPROVADO;-;19;11;8;-;-
006605;REPROVADO;-;19;11;8;-;-
004715;REPROVADO;-;19;11;8;-;-
006518;REPROVADO;-;19;11;8;-;-
005030;REPROVADO;-;19;11;8;-;-
007342;REPROVADO;-;19;11;8;-;-
006997;REPROVADO;-;19;11;8;-;-
004700;REPROVADO;-;19;11;8;-;-
006240;REPROVADO;-;18;8;10;-;-
007182;REPROVADO;-;18;8;10;-;-
004941;REPROVADO;-;18;10;8;-;-
004401;REPROVADO;-;18;10;8;-;-
004867;REPROVADO;-;18;12;6;-;-
007476;REPROVADO;-;18;12;6;-;-
007882;REPROVADO;-;18;14;4;-;-
007477;REPROVADO;-;17;9;8;-;-
007236;REPROVADO;-;17;9;8;-;-
004668;REPROVADO;-;17;9;8;-;-
007066;REPROVADO;-;17;9;8;-;-
005840;REPROVADO;-;17;11;6;-;-
005948;REPROVADO;-;17;11;6;-;-
006292;REPROVADO;-;17;11;6;-;-
007853;REPROVADO;-;17;11;6;-;-
004716;REPROVADO;-;17;11;6;-;-
004728;REPROVADO;-;17;11;6;-;-
004219;REPROVADO;-;17;13;4;-;-
006835;REPROVADO;-;16;6;10;-;-
007209;REPROVADO;-;16;6;10;-;-
006914;REPROVADO;-;16;6;10;-;-
004377;REPROVADO;-;16;8;8;-;-
007689;REPROVADO;-;16;8;8;-;-
007690;REPROVADO;-;16;10;6;-;-
004527;REPROVADO;-;16;12;4;-;-
007371;REPROVADO;-;15;5;10;-;-
007918;REPROVADO;-;15;7;8;-;-
005318;REPROVADO;-;15;7;8;-;-
006652;REPROVADO;-;15;7;8;-;-
005671;REPROVADO;-;15;7;8;-;-
007593;REPROVADO;-;15;9;6;-;-
004923;REPROVADO;-;15;11;4;-;-
007514;REPROVADO;-;14;6;8;-;-
007923;REPROVADO;-;14;6;8;-;-
004705;REPROVADO;-;14;8;6;-;-
004943;REPROVADO;-;14;8;6;-;-
005217;REPROVADO;-;14;8;6;-;-
006023;REPROVADO;-;14;8;6;-;-
005581;REPROVADO;-;13;5;8;-;-
006493;REPROVADO;-;13;5;8;-;-
006865;REPROVADO;-;13;7;6;-;-
008041;REPROVADO;-;11;7;4;-;-
004681;REPROVADO;-;10;6;4;-;-
005521;AUSENTE;-;-;-;-;-;-
006866;AUSENTE;-;-;-;-;-;-
007010;AUSENTE;-;-;-;-;-;-
006328;AUSENTE;-;-;-;-;-;-
005684;AUSENTE;-;-;-;-;-;-
005158;AUSENTE;-;-;-;-;-;-
007037;AUSENTE;-;-;-;-;-;-
007842;AUSENTE;-;-;-;-;-;-
006610;AUSENTE;-;-;-;-;-;-
008029;AUSENTE;-;-;-;-;-;-
007335;AUSENTE;-;-;-;-;-;-
007027;AUSENTE;-;-;-;-;-;-
005096;AUSENTE;-;-;-;-;-;-
005159;AUSENTE;-;-;-;-;-;-
007113;AUSENTE;-;-;-;-;-;-
005552;AUSENTE;-;-;-;-;-;-
006257;AUSENTE;-;-;-;-;-;-
005947;APROVADO;1;17;17;;-;-
007302;APROVADO;2;16;16;;-;-
004553;APROVADO;3;15;15;;-;-
005149;APROVADO;4;15;15;;-;-
007940;REPROVADO;-;9;9;;-;-
007979;AUSENTE;-;-;-;-;-;-
007598;APROVADO;1;33;11;20;2;-
007458;APROVADO;2;33;17;16;0;-
004946;APROVADO;3;31,78;12;18;1,78;-
006843;APROVADO;4;31,5;16;14;1,5;-
005034;APROVADO;5;31;13;16;2;-
005912;APROVADO;6;31;13;16;2;-
004492;APROVADO;7;31;13;16;2;-
004254;APROVADO;8;31;13;18;0;-
007202;APROVADO;9;31;13;18;0;-
004452;APROVADO;10;31;13;18;0;-
006596;APROVADO;11;30,5;13;16;1,5;-
005805;APROVADO;12;30,5;15;14;1,5;-
007415;APROVADO;13;30,5;16;14;0,5;-
005205;APROVADO;14;30;12;16;2;-
003928;APROVADO;15;30;14;14;2;-
005039;APROVADO;16;30;14;14;2;-
006380;APROVADO;17;30;14;14;2;-
004197;APROVADO;18;30;16;12;2;-
004961;APROVADO;19;30;16;12;2;-
006484;APROVADO;20;30;16;12;2;-
004988;APROVADO;21;30;14;16;0;-
004236;APROVADO;22;30;14;16;0;-
006022;APROVADO;23;30;14;16;0;-
006694;APROVADO;24;30;16;14;0;-
007455;APROVADO;25;29;13;14;2;-
005452;APROVADO;26;28,86;9;18;1,86;-
004372;APROVADO;27;28,5;15;12;1,5;-
003964;APROVADO;28;28,4;14;14;0,4;-
007183;APROVADO;29;28;12;14;2;-
003946;APROVADO;30;28;12;14;2;-
006877;APROVADO;31;28;16;10;2;-
006669;APROVADO;32;28;10;18;0;-
008084;APROVADO;33;28;12;16;0;-
005546;APROVADO;34;28;12;16;0;-
005617;APROVADO;35;28;12;16;0;-
006861;APROVADO;36;28;14;14;0;-
005008;APROVADO;37;28;16;12;0;-
005777;APROVADO;38;27;11;14;2;-
005227;APROVADO;39;27;11;16;0;-
007547;APROVADO;40;27;13;14;0;-
006958;APROVADO;41;27;13;14;0;-
007969;APROVADO;42;27;13;14;0;-
004349;APROVADO;43;27;13;14;0;-
006938;APROVADO;44;27;15;12;0;-
006895;APROVADO;45;27;15;12;0;-
007356;APROVADO;46;26,98;11;14;1,98;-
005868;APROVADO;47;26,5;10;16;0,5;-
006942;APROVADO;48;26;10;14;2;-
005284;APROVADO;49;26;12;12;2;-
005282;APROVADO;50;26;10;16;0;-
006685;APROVADO;51;26;12;14;0;-
005160;APROVADO;52;26;12;14;0;-
006655;APROVADO;53;26;12;14;0;-
007913;APROVADO;54;26;14;12;0;-
004812;APROVADO;55;26;14;12;0;-
006849;APROVADO;56;26;14;12;0;-
004379;APROVADO;57;26;14;12;0;-
007566;APROVADO;58;25,5;13;12;0,5;-
006241;APROVADO;59;25;11;12;2;-
007791;APROVADO;60;25;11;12;2;-
007872;APROVADO;61;25;11;14;0;-
006348;APROVADO;62;25;11;14;0;-
006886;APROVADO;63;25;11;14;0;-
008102;APROVADO;64;25;13;12;0;-
007430;APROVADO;65;25;13;12;0;-
003939;APROVADO;66;24,5;11;12;1,5;-
007044;APROVADO;67;24;10;12;2;-
006025;APROVADO;68;24;10;12;2;-
008131;APROVADO;69;24;10;14;0;-
007117;APROVADO;70;24;10;14;0;-
005263;APROVADO;71;24;12;12;0;-
005942;APROVADO;72;24;12;12;0;-
006774;APROVADO;73;24;12;12;0;-
004843;APROVADO;74;24;12;12;0;-
005626;APROVADO;75;24;14;10;0;-
004741;APROVADO;76;24;14;10;0;-
007325;APROVADO;77;23;11;12;0;-
006599;APROVADO;78;23;11;12;0;-
007521;APROVADO;79;23;13;10;0;-
007442;APROVADO;80;22,5;10;12;0,5;-
007216;APROVADO;81;22;10;12;0;-
007784;APROVADO;82;22;10;12;0;-
007123;APROVADO;83;22;12;10;0;-
007485;APROVADO;84;22;12;10;0;-
005007;APROVADO;85;22;14;8;0;-
007919;APROVADO;86;22;14;8;0;-
004482;APROVADO;87;22;14;8;0;-
006305;APROVADO;88;22;14;8;0;-
006735;APROVADO;89;21;11;10;0;-
005870;APROVADO;90;21;13;8;0;-
004266;REPROVADO;-;20;10;10;-;-
007102;REPROVADO;-;20;12;8;-;-
004583;REPROVADO;-;20;12;8;-;-
006899;REPROVADO;-;20;12;8;-;-
006497;REPROVADO;-;19;11;8;-;-
004708;REPROVADO;-;18;6;12;-;-
004860;REPROVADO;-;18;14;4;-;-
004727;REPROVADO;-;17;5;12;-;-
005316;REPROVADO;-;17;9;8;-;-
005156;REPROVADO;-;17;11;6;-;-
004968;REPROVADO;-;15;9;6;-;-
005242;AUSENTE;-;-;-;-;-;-
006060;AUSENTE;-;-;-;-;-;-
007741;AUSENTE;-;-;-;-;-;-
007909;AUSENTE;-;-;-;-;-;-
005259;AUSENTE;-;-;-;-;-;-
005723;AUSENTE;-;-;-;-;-;-
006068;AUSENTE;-;-;-;-;-;-
004343;AUSENTE;-;-;-;-;-;-
004209;AUSENTE;-;-;-;-;-;-
006254;AUSENTE;-;-;-;-;-;-
007082;AUSENTE;-;-;-;-;-;-
006608;AUSENTE;-;-;-;-;-;-
007915;AUSENTE;-;-;-;-;-;-
007567;AUSENTE;-;-;-;-;-;-
005045;AUSENTE;-;-;-;-;-;-
008114;AUSENTE;-;-;-;-;-;-
006238;APROVADO;1;35;19;16;-;-
007996;APROVADO;2;33;15;18;-;-
006269;APROVADO;3;32;14;18;-;-
004083;APROVADO;4;32;14;18;-;-
004395;APROVADO;5;32;16;16;-;-
006331;APROVADO;6;32;16;16;-;-
004136;APROVADO;7;32;18;14;-;-
007982;APROVADO;8;31;13;18;-;-
005878;APROVADO;9;31;13;18;-;-
004243;APROVADO;10;31;13;18;-;-
007912;APROVADO;11;31;15;16;-;-
004815;APROVADO;12;31;15;16;-;-
004735;APROVADO;13;30;12;18;-;-
006405;APROVADO;14;30;14;16;-;-
004291;APROVADO;15;30;14;16;-;-
007815;APROVADO;16;30;16;14;-;-
004280;APROVADO;17;30;16;14;-;-
005623;APROVADO;18;30;16;14;-;-
004760;APROVADO;19;30;18;12;-;-
007041;APROVADO;20;30;18;12;-;-
006743;APROVADO;21;29;13;16;-;-
005308;APROVADO;22;29;13;16;-;-
006904;APROVADO;23;29;15;14;-;-
005306;APROVADO;24;29;15;14;-;-
006042;APROVADO;25;29;15;14;-;-
006256;APROVADO;26;29;17;12;-;-
007671;APROVADO;27;28;12;16;-;-
005861;APROVADO;28;28;14;14;-;-
004023;APROVADO;29;28;14;14;-;-
005501;APROVADO;30;28;14;14;-;-
008000;APROVADO;31;28;16;12;-;-
005873;APROVADO;32;27;13;14;-;-
005549;APROVADO;33;27;13;14;-;-
007720;APROVADO;34;27;15;12;-;-
006475;APROVADO;35;27;15;12;-;-
004973;APROVADO;36;27;15;12;-;-
003958;APROVADO;37;27;17;10;-;-
007141;APROVADO;38;26;10;16;-;-
006369;APROVADO;39;26;14;12;-;-
005338;APROVADO;40;26;14;12;-;-
006995;APROVADO;41;26;14;12;-;-
004240;APROVADO;42;26;14;12;-;-
006081;APROVADO;43;25;13;12;-;-
003934;APROVADO;44;24;12;12;-;-
005959;APROVADO;45;24;12;12;-;-
007578;APROVADO;46;24;12;12;-;-
006450;APROVADO;47;24;12;12;-;-
007035;APROVADO;48;24;14;10;-;-
007374;APROVADO;49;23;9;14;-;-
004983;APROVADO;50;23;11;12;-;-
007605;APROVADO;51;23;13;10;-;-
007844;APROVADO;52;23;13;10;-;-
004959;APROVADO;53;23;15;8;-;-
004425;APROVADO;54;22;10;12;-;-
005647;APROVADO;55;22;12;10;-;-
006506;APROVADO;56;22;12;10;-;-
005645;APROVADO;57;22;12;10;-;-
007322;APROVADO;58;22;14;8;-;-
005148;APROVADO;59;21;11;10;-;-
007328;APROVADO;60;20;12;8;-;-
007007;REPROVADO;-;19;11;8;-;-
006675;REPROVADO;-;18;10;8;-;-
004762;REPROVADO;-;18;12;6;-;-
008032;REPROVADO;-;17;11;6;-;-
006233;REPROVADO;-;15;9;6;-;-
007024;AUSENTE;-;-;-;-;-;-
006291;AUSENTE;-;-;-;-;-;-
004342;AUSENTE;-;-;-;-;-;-
007950;AUSENTE;-;-;-;-;-;-
006047;AUSENTE;-;-;-;-;-;-
006819;AUSENTE;-;-;-;-;-;-
007090;AUSENTE;-;-;-;-;-;-
007217;AUSENTE;-;-;-;-;-;-
006901;AUSENTE;-;-;-;-;-;-
006407;AUSENTE;-;-;-;-;-;-
007905;APROVADO;1;19;19;-;-;-
005826;APROVADO;2;18;18;-;-;-
006692;APROVADO;3;18;18;-;-;-
008121;APROVADO;4;18;18;-;-;-
006949;APROVADO;5;17;17;-;-;-
008064;APROVADO;6;16;16;-;-;-
006447;APROVADO;7;16;16;-;-;-
006351;APROVADO;8;15;15;-;-;-
006546;APROVADO;9;15;15;-;-;-
003825;APROVADO;10;15;15;-;-;-
004903;APROVADO;11;14;14;-;-;-
004852;APROVADO;12;14;14;-;-;-
007862;APROVADO;13;14;14;-;-;-
006448;APROVADO;14;13;13;-;-;-
007121;APROVADO;15;13;13;-;-;-
005046;APROVADO;16;11;11;-;-;-
005989;APROVADO;17;10;10;-;-;-
005798;REPROVADO;-;9;9;-;-;-
005990;REPROVADO;-;3;3;-;-;-
005065;REPROVADO;-;2;2;-;-;-
007412;REPROVADO;-;1;1;-;-;-
006508;REPROVADO;-;0;0;-;-;-
007518;AUSENTE;-;-;-;-;-;-
006986;AUSENTE;-;-;-;-;-;-
005705;APROVADO;1;20;20;-;-;-
007621;APROVADO;2;19;19;-;-;-
005855;APROVADO;3;19;19;-;-;-
005827;APROVADO;4;19;19;-;-;-
008058;APROVADO;5;18;18;-;-;-
007794;APROVADO;6;18;18;-;-;-
006501;APROVADO;7;18;18;-;-;-
006147;APROVADO;8;18;18;-;-;-
004396;APROVADO;9;18;18;-;-;-
004328;APROVADO;10;18;18;-;-;-
007409;APROVADO;11;17;17;-;-;-
006263;APROVADO;12;17;17;-;-;-
003878;APROVADO;13;16;16;-;-;-
007820;APROVADO;14;16;16;-;-;-
007170;APROVADO;15;16;16;-;-;-
007118;APROVADO;16;15;15;-;-;-
006671;APROVADO;17;15;15;-;-;-
007833;APROVADO;18;15;15;-;-;-
005515;APROVADO;19;15;15;-;-;-
008022;APROVADO;20;14;14;-;-;-
005207;APROVADO;21;13;13;-;-;-
004483;APROVADO;22;10;10;-;-;-
004147;REPROVADO;-;9;9;-;-;-
004669;REPROVADO;-;6;6;-;-;-
005480;REPROVADO;-;5;5;-;-;-
006900;REPROVADO;-;4;4;-;-;-
004185;AUSENTE;-;-;-;-;-;-
005094;AUSENTE;-;-;-;-;-;-
006443;AUSENTE;-;-;-;-;-;-
